Bus Stop Name,Latitude,Longitude
BNR BUS STOP,23.6931,88.318964
KIDDERPORE BUS STOP,22.542061,88.318954
BHABANI BHAWAN BUS STOP,22.54589,88.318964
ALIPORE ZOO BUS STOP,22.5367,88.3334
HAZRA BUS STOP,22.5237,88.3467
RASHBEHARI BUS STOP,22.5171,88.3457
GARIAHAT BUS STOP,22.5197,88.3652
KASBA POST OFFICE BUS STOP,22.5188,88.375
HALTU BUS STOP,22.500914,88.394936
SAFUIPARA BUS STOP,22.6396737,88.3300048
EM BYPASS BUS STOP,22.561594,88.408495
BHABANI BHAWAN HAZRA BUS STOP,22.561694,88.408495
TOLLYGUNGE PHARI BUS STOP,22.4986357,88.3453906
JADAVPUR PS BUS STOP,22.4961,88.3706
8B BUS STOP,22.4957,88.3707
SANTOSHPUR BUS STOP,22.776,88.5002
AJOYNAGAR BUS STOP,22.4895,88.3954
NATURE PARK BUS STOP,22.4895,88.3954
TARATALA BUS STOP,22.5173,88.298
DESAPRIYA PARK BUS STOP,22.5186,88.3535
GOLPARK BUS STOP,22.515868,88.365136
DHAKURIA BUS STOP,22.5094,88.3676
JADAVPUR 8B BUS STOP,22.4957,88.3707
EM BYPASS NEW GARIA BUS STOP,22.4726,88.3981
GARIA STATION BUS STOP,22.4681,88.4039
DURGAPUR BRIDGE BUS STOP,23.53344,87.32193
KALIGHAT BUS STOP,22.516951,88.34587
BHAWANIPUR BUS STOP,22.5376,88.3526
RABINDRA SADAN BUS STOP,22.5412,88.3473
MAIDAN BUS STOP,22.554443,88.340569
PARK STREET BUS STOP,22.57687,88.35047
ESPLANADE BUS STOP,22.5631,88.3507
CHANDNI CHOWK BUS STOP,22.568217,88.356643
CENTRAL BUS STOP,22.5787,88.3608
MEDICAL COLLEGE BUS STOP,22.598038,88.377494
MG ROAD METRO BUS STOP,22.665815,88.39022
GIRISH PARK BUS STOP,22.5862,88.3637
SHOBHABAZAR BUS STOP,22.5853,88.3752
SHYAMBAZAR 5 POINT BUS STOP,22.601983,88.3731
RG KAR BUS STOP,22.6046,88.3783
BELGACHIA METRO BUS STOP,22.6058,88.3866
RUBY BUS STOP,22.515,88.4012
KASBA BUS STOP,22.517618,88.384048
BALLYGUNGE STATION BUS STOP,22.5816,88.3848
WELLINGTON BUS STOP,22.5325,88.3764
MOULALI BUS STOP,22.5611,88.366
SEALDAH BUS STOP,22.567764,88.370946
RAJABAZAR BUS STOP,22.5816,88.3848
MANIKTALA BUS STOP,22.5853,88.3752
KHANNA BUS STOP,22.5325,88.3764
BANGUR AVENUE BUS STOP,22.6027,88.4121
DIAMOND PLAZA BUS STOP,22.614866,88.41269
SHISHU MANGAL BUS STOP,22.5232,88.352
MINTO PARK BUS STOP,22.5414,88.3544
COLLEGE STREET BUS STOP,22.6013,88.3735
HATIBAGAN BUS STOP,22.5946,88.3709
BEHALA 14 NO. BUS STOP,22.5023,88.3184
MOMINPORE BUS STOP,22.5299,88.3145
EKBALPUR BUS STOP,22.594044,88.385956
HASTINGS BUS STOP,22.5325,88.3764
PTS BUS STOP,22.59577,88.2636641
METIABRUZ BUS STOP,22.543571,88.267934
RAMNAGAR BUS STOP,22.5652,88.267934
BABUGHAT BUS STOP,22.5652,88.3396
BICHALIGHAT BUS STOP,22.567415,88.392433
FATEHPUR 28 NO BUS STOP,22.5435,88.3396
RAJABAGAN BUS STOP,22.5435,88.2862
BICHALI GHAR BUS STOP,22.572645,88.3396
MUDIALI MORE BUS STOP,22.572645,88.363892
H.M.G. COLLEGE BUS STOP,22.5652,88.3396
FATEHPUR BUS STOP,22.567415,88.392433
GARDEN REACH BUS STOP,22.5553,88.3312
BABUBAZAR BUS STOP,22.572645,88.392433
PRINCEP GHAT BUS STOP,22.5553,88.3312
BABUGHAT / ESPLANADE BUS STOP,22.5631,88.3507
BARABAZAR BUS STOP,23.0285,88.3711
SANTOSHPUR STATION BUS STOP,22.487022,88.387131
JHINJHIRA BAZAR BUS STOP,23.0285,88.3492
BRACE BRIDGE BUS STOP,22.5256,88.30019
MAJHERHAT BUS STOP,23.0285,88.3492
FORT WILLIAM BUS STOP,22.57285,88.3492
DALHOUSIE BUS STOP,22.5707,88.3495
JOKA BRIDGE BUS STOP,22.453066,88.302505
THAKURPUKUR BUS STOP,22.4568,88.3045
SHILPARA BUS STOP,22.474739,88.311174
SAKHER BAZAR BUS STOP,22.4568,88.3184
BEHALA CHOWRASTA BUS STOP,22.41894,88.310837
BEHALA 14NO. BUS STOP,22.5023,88.3184
HIDE ROAD BUS STOP,22.528887,88.306836
B.N.R. HOSPITAL BUS STOP,22.5459,88.312
SHAKUNTALA PARK BUS STOP,22.4834,88.2881
BAKULTALA BUS STOP,22.57791,88.32873
P.T.S. MORE BUS STOP,22.59577,88.263641
MAIDAN METRO BUS STOP,22.554443,88.340569
THAKDARI BUS STOP,22.5681,88.4577
KESTOPUR BAZAR BUS STOP,22.598841,88.431907
DUMDUM PARK BUS STOP,22.6032,88.4193
LAKETOWN BUS STOP,22.6049,88.40365
SREEBHUMI BUS STOP,22.596166,88.400368
ULTADANGA BUS STOP,22.5944,88.3919
KHANNA CINEMA BUS STOP,22.59444,88.3752734
SEALDAH STATION BUS STOP,22.5654,88.3701
BOWBAZAR BUS STOP,22.569725,88.360899
CENTRAL METRO BUS STOP,22.569725,88.360899
OKA BRIDGE BUS STOP,23.9201,88.360899
THAKURPUKUR 3A BUS STOP,22.4568,88.3045
CANCER HOSPITAL BUS STOP,22.4591,88.3197
KALITALA HOUSING BUS STOP,23.9201,87.9939
KABARDANGA BUS STOP,22.4634,88.3334
KEORAPUKUR BUS STOP,22.700346,88.374535
HARIDEVPUR BUS STOP,22.48,88.3379
TOLLYGUNGE BUS STOP,22.4874,88.3423
RABINDRA SAROVAR BUS STOP,22.511,88.3561
HAZRA MORE BUS STOP,22.087,88.1373
BHOWANIPORE BUS STOP,22.5376,88.3526
SARKARPOOL BUS STOP,22.567415,88.392433
ALIPORE COURT BUS STOP,22.52505,88.331124
MOLLARGATE BUS STOP,22.511976,88.250992
RAMPUR QUARTER BUS STOP,22.515,88.2825
S.M. NAGAR BUS STOP,22.52505,88.2825
DESHAPRIYA PARK BUS STOP,22.5186,88.3535
SHIBRAMPUR BUS STOP,22.9487,88.3231
MOYNAGARH BUS STOP,23.538631,88.3535
SARADA PARK BUS STOP,22.4909,88.3255
KASBA PS BUS STOP,22.517618,88.384048
BOSEPUKUR BUS STOP,22.517943,88.383398
ACROPOLIS MALL BUS STOP,22.514807,88.393166
RUBY HOSPITAL BUS STOP,22.515,88.4012
SARSUNA BUS STOP,22.4803,88.2946
M.L.GUPTA ROAD BUS STOP,22.4803,88.3403
MUCHIPARA BUS STOP,22.4871,88.3321
SIRITI MORE BUS STOP,22.4895,88.3385
N.S.H.M. CAMPUS BUS STOP,22.5015,88.3403
MAHABIRTALA BUS STOP,22.5015,88.358344
BECKBAGAN BUS STOP,22.539878,88.358344
MALLICK BAZAR BUS STOP,22.548704,88.359679
MOULALI MORE BUS STOP,22.33,88.22
NEW ALIPORE BUS STOP,22.509,88.3348
CHAPADALI MORE BUS STOP,22.7201,88.4861
KAZIPARA DEPOT BUS STOP,22.7201,88.4872
KADAMBAGACHI BUS STOP,22.7201,88.6987449
GOAKHALI MORE BUS STOP,22.5325,88.3764
GOLABARI MORE BUS STOP,22.567415,88.398433
PAKDAHA BUS STOP,22.55021718,88.37939144
AMINPUR BUS STOP,22.54982,88.382
PALTADANGA BUS STOP,23.4558,88.691
SHASAN BAZAR BUS STOP,22.70245,88.69485
MITHPUKURIA BUS STOP,23.644367,88.132858
MAJLISHPUR BUS STOP,22.54982,88.69485
CHRISTOPHER ROAD BUS STOP,22.55021718,88.37939144
PANCHKARI MORE BUS STOP,22.54982,88.382
TANGRA MORE BUS STOP,23.4558,88.691
R.N.CHOWDHURY ROAD BUS STOP,22.6127,88.4353
PALMER BAZAR BUS STOP,22.5614,88.377
M.G. ROAD BUS STOP,22.57857,88.36076
HOWRAH STATION BUS STOP,22.584,88.343
HOWRAH MAIDAN BUS STOP,22.58336,88.333
PILKHANA MORE BUS STOP,22.5944,88.339
SALKIA CHOWRASTA BUS STOP,22.601,88.342
CHANDNI MARKET BUS STOP,22.56544,88.35467
KALIKAPUR BUS STOP,22.503,88.4
V.I.P. BAZAR BUS STOP,22.5254,88.395
SCIENCE CITY BUS STOP,22.541,88.398
TOPSIA MORE BUS STOP,22.541,88.38744
4NO. BRIDGE BUS STOP,22.539,88.37
CHITTARANJAN HOSPITAL BUS STOP,22.545,88.37
C.I.T. ROAD BUS STOP,22.5628,88.3964
CHIRIA MORE BUS STOP,22.61878,88.37995
SHYAMBAZAR BUS STOP,22.2503,88.4354
RAJBALLAVPARA BUS STOP,22.599,88.367
SOVABAZAR BUS STOP,22.5972,88.36029
BIRATI MORE BUS STOP,22.65938,88.4414
AIRPORT 3NO. BUS STOP,22.653,88.436
AIRPORT 1NO. BUS STOP,22.643,88.432
CENTRAL JAIL BUS STOP,22.629,88.421
NAGER BAZAR BUS STOP,22.623,88.414
KALINDI MORE BUS STOP,22.60945,88.4005
PATIPUKUR BUS STOP,22.608,88.3953
BELGACHIA BUS STOP,22.605,88.38409
R.G.KAR HOSPITAL BUS STOP,22.6031,88.377
SEALDAH STATION MOULALI MORE BUS STOP,22.56156,88.366
HELA BATTALA BUS STOP,22.6101,88.44
JYANGRA BUS STOP,22.6176,88.4346
ASHWINI NAGAR BUS STOP,22.609,88.431
BAGUIATI BUS STOP,22.609,88.427
KESTOPUR BUS STOP,22.603,88.423
DUNLOP MORE BUS STOP,22.65231,88.377
BONHOOGHLY BUS STOP,22.6503,88.3822
TOBIN ROAD BUS STOP,22.637,88.378
SINTHEE MORE BUS STOP,22.631,88.3786
SALTLAKE P.N.B. BUS STOP,22.59,88.399
SALTLAKE C.A. BLOCK BUS STOP,22.59177,88.4278
LABONY ESTATE BUS STOP,22.5833468,88.4073503
SALTLAKE 13NO. TANK BUS STOP,22.574451,88.409085
SALTLAKE STADIUM BUS STOP,22.5692,88.409
SALTLAKE 14NO. TANK BUS STOP,22.5729,88.4308
SUSHRUT HOSPITAL BUS STOP,22.594044,88.385956
WIPRO MORE BUS STOP,22.594044,88.385956
S.D.F. MORE BUS STOP,22.5689,88.4308
COLLEGE MORE BUS STOP,22.5729,88.4384
BARANAGAR BAZAR BUS STOP,22.64132,88.37727
HEDUA MORE BUS STOP,22.5879,88.3683
VIVEKANANDA ROAD BUS STOP,22.58959,88.431838
HIND CINEMA BUS STOP,22.56498,88.35954
SOUTH CITY BUS STOP,23.644367,88.132858
LAKE GARDENS BUS STOP,23.644367,88.132858
ANWAR SHAH ROAD BUS STOP,22.501946,88.356483
COLONY BAZAR BUS STOP,22.723703,88.381622
KUSTIA MORE BUS STOP,22.5325,88.3764
BONDEL GATE BUS STOP,23.93,88.25
PARK CIRCUS BUS STOP,22.549606,88.357771
NEPALGUNGE BUS STOP,22.5325,88.3764
BAKESHWAR BUS STOP,22.5325,88.3764
MALLICKPUR BUS STOP,22.5325,88.3764
SAJNABERIA BUS STOP,22.5325,88.3764
MITTIRCHAK BUS STOP,22.549606,88.451271
BIJOYGARH BUS STOP,22.4849967,88.3664167
GANDHI COLONY BUS STOP,22.484213,88.354332
NETAJI NAGAR BUS STOP,22.479591,88.358629
RANIKUTHI BUS STOP,22.484213,88.354332
MALANCHA CINEMA BUS STOP,22.508037,88.513015
BALLYGUNGE PHARI BUS STOP,22.5281,88.3658
GARCHA ROAD BUS STOP,22.53505,88.35941
SISHU MANGAL BUS STOP,22.5234,88.3517
KAMAL TALKIES BUS STOP,22.5325,88.3764
ALAMBAZAR BUS STOP,22.6481,88.3633
DESHBANDHU ROAD BUS STOP,22.5325,88.4335
COSSIPORE BUS STOP,22.37,88.22
BIBIBAZAR BUS STOP,23.627499,87.543282
CHITPUR BRIDGE BUS STOP,22.3626,88.221
BAGBAZAR BUS STOP,22.603757,88.369065
KANKURGACHI BUS STOP,22.5775,88.3936
PHOOLBAGAN BUS STOP,22.5668,88.3974
BELEGHATA BUS STOP,22.5655,88.3838
M.G.ROAD BUS STOP,22.665815,88.39022
S.D.F MORE BUS STOP,22.5689,88.4308
KARUNAMOYEE BUS STOP,22.5856,88.421
BIKASH BHAWAN BUS STOP,22.59106798,88.41688809
CITY CENTER 1 BUS STOP,22.5898,88.4085
KAIKHALI BUS STOP,22.635,88.437
HALDIRAMS BUS STOP,22.6276,88.4331
QUEST MALL BUS STOP,22.5388,88.3653
BAGHAJATIN BUS STOP,22.4835,88.3754
RAMGARH BUS STOP,23.6214,88.3754
GARIA METRO BUS STOP,22.4724,88.3909
DHALAI BRIDGE BUS STOP,22.46506,88.39142
LANSDOWNE BUS STOP,22.5325,88.3764
BAISNABGHATA BUS STOP,22.4703,88.3883
PATULI MORE BUS STOP,22.4717451,88.3896929
AKANKHA MORE BUS STOP,22.618,88.464
CITY CENTER 2 BUS STOP,22.621,88.45
CHINAR PARK BUS STOP,22.623,88.441
LOKENATH MANDIR BUS STOP,22.6206,88.439
SAHEED NAGAR BUS STOP,22.5021,88.38
SAPUIPARA BUS STOP,22.6531,88.331
DELHI ROAD BUS STOP,22.7572,88.317
DANKUNI HOUSING BUS STOP,22.68,88.29
RAJCHANDRAPUR BUS STOP,22.6553,88.32334
BALLYHALT BUS STOP,22.6527,88.339
BALLYKHAL BUS STOP,22.653,88.3479
BELURMATH BUS STOP,22.63165,88.35195
DON BOSCO BUS STOP,22.61997,88.35338
BANDHA GHAT / SALKIA CHOWRASTA BUS STOP,22.60136,88.34889
GOLABARAI PS / PILKHANA MORE BUS STOP,22.59333,88.3445
NATUN RASTA BUS STOP,22.58365,88.30769
DALALPUKUR BUS STOP,22.58354,88.31077
SURKIKAL BUS STOP,22.58217,88.32085
SHYAMASREE BUS STOP,22.89616,88.42512
KALIBABU BAZAR BUS STOP,22.57671,88.32697
MALLICK FATAK / KADAMTALA BUS STOP,22.57895,88.33119
SHALIMAR STATION BUS STOP,22.55459,88.31664
BATAITALA PHARI BUS STOP,22.56335,88.3121
KAZIPARA MORE / AVANI MALL BUS STOP,22.56233,88.32297
SHIBPUR BAZAR BUS STOP,22.5655,88.32312
MALLICK FATAK BUS STOP,22.57895,88.33119
DOPERIA BUS STOP,22.72893,88.40284
KALYAN NAGAR BUS STOP,22.466,88.33865
RASHMONI MORE BUS STOP,22.70874,88.38396
SODEPUR STATION BUS STOP,22.70072,88.37844
KAMARHATI BUS STOP,22.67625,88.37514
RATHTALA MORE BUS STOP,22.51365,88.38105
DAKSHINESHWAR BUS STOP,22.65334,88.36232
BIRADINGI MORE BUS STOP,22.61163,88.31063
TIKIAPARA BUS STOP,22.59807,88.32452
BELILIOUS ROAD BUS STOP,22.59732,88.3283
KALIPUR MORE BUS STOP,22.68215,88.27799
JAGADISHPUR BUS STOP,22.64822,88.28268
CHAMRAIL BUS STOP,22.63744,88.29461
EKSARA MORE BUS STOP,22.62763,88.2913
KONA MORE BUS STOP,22.62494,88.29336
BAMANGACHI BUS STOP,22.6037621,88.327565
SALKIA CHOWRASTA / BANDHA GHAT BUS STOP,22.597218,88.337685
DANESH SHAIKH LANE BUS STOP,22.5659,88.297
AMTALA PHARI BUS STOP,23.927376,88.452312
NARAYANA HOSPITAL BUS STOP,22.5325,88.3764
ARGORI MORE BUS STOP,22.587601,88.226173
ANDUL BAZAR BUS STOP,22.594397,88.242661
MOURIGRAM BUS STOP,22.5802,88.2561
CHUNAVATI BUS STOP,22.58317,88.237656
HANSKHALI POLE BUS STOP,23.361263,88.602417
MAKARDAHA BUS STOP,22.63158,88.25927
KATLIA MORE BUS STOP,22.5325,88.3764
SALAP MORE BUS STOP,22.6137,88.2712
BANKRA BAZAR BUS STOP,22.63,88.6
JAPANI GATE BUS STOP,22.5325,88.3764
BALTIKURI BUS STOP,22.606722,88.303169
DASNAGAR BUS STOP,22.6021063,88.3117739
SHYAMPUR MORE BUS STOP,22.295937,88.027733
KAMINA MORE BUS STOP,22.5325,88.3764
MAHISHREKHA BUS STOP,22.4604,87.9997
KHALORE MORE BUS STOP,22.5325,88.3764
ANTILA BRIDGE BUS STOP,22.4132,87.9758
BANTUL MORE BUS STOP,22.5325,88.3764
NUNTIA MORE BUS STOP,22.5325,88.3764
MUGKALYAN BUS STOP,22.4195766,87.9800183
NOUL BAZAR BUS STOP,22.5325,88.3764
DEORAH MORE BUS STOP,22.4195766,87.9800183
SHASATI MORE BUS STOP,22.4195766,87.9800183
BELPUKUR BUS STOP,21.3178,87.982
HOGLASHI MORE BUS STOP,22.9,88.389999
KANTHALIBAR BUS STOP,22.4195766,87.9800183
SHYAMPUR BUS STOP,22.4195766,87.9800183
NARIKELABAR BUS STOP,22.4195766,87.9800183
BHAGABANPUR BUS STOP,22.4195766,87.9800183
KHARUBERIA BUS STOP,22.4195766,88.0173
GARCHUMUK BUS STOP,22.3456,88.0858
SHRIKOLE MORE BUS STOP,22.4195766,87.9800183
RADHAPUR BUS STOP,23.8286354,87.9800183
CHAPATALA BUS STOP,22.5605,88.2268
RAJGUNGE BUS STOP,22.4195766,88.2268
RADHADASHI BUS STOP,22.4195766,87.72283
PODRA BAZAR BUS STOP,22.4195766,88.51186
NAZIRGUNGE BUS STOP,22.55721,88.28182
BHANDERGACHA BUS STOP,22.59575,87.94969
PANPUR MORE BUS STOP,22.4195766,87.9800183
SHIBERHANA BUS STOP,22.5312,88.0551
BARGRAM MORE BUS STOP,22.5936716,88.47356
KARATBERIA BUS STOP,22.4977092,88.0698295
NEEMDIGHI BUS STOP,22.47873,88.09502
ICHAPUR MORE BUS STOP,22.7655,88.4057
BHABLA STATION BUS STOP,22.6549,88.855
PIFA BAZAR BUS STOP,22.4012,88.58296
BHEBIA CHOWRASTA BUS STOP,22.5232236,88.8238936
RAJAPUR BUS STOP,22.485921,88.385231
KHARAMPUR BUS STOP,22.40117,88.58293
AKHRATALA BUS STOP,22.4912,88.8403
METEKHALI BUS STOP,22.68612,88.20329
NIMCHI BAZAR BUS STOP,22.40117,88.58293
CHAITAL GHAT BUS STOP,22.51371,88.77767
MALANCHA BUS STOP,22.65293,88.4317
BOYERMARI BUS STOP,22.43358,88.76319
AGARHATI BUS STOP,22.395,88.78952
SARBERIA BUS STOP,22.37261,88.78441
KALYANGARH BUS STOP,22.84682,88.63137
KACHUA MORE BUS STOP,22.84832,88.62506
8NO. KALIBARI BUS STOP,22.83371,88.61723
MAGURKHALI BUS STOP,22.84475,88.57461
ISWARIGACHA BUS STOP,22.73285,88.772
AWALSIDDHI BUS STOP,22.85638,88.53167
ADHATA MORE BUS STOP,22.86735,88.53245
SHIKRA MORE BUS STOP,22.85981,88.53459
DARIAPUR BUS STOP,22.76733,88.48841
NIMA TERASTA BUS STOP,22.87506,88.48259
HAMIDPUR BUS STOP,22.87757,88.47551
KULIAGARH BUS STOP,22.88088,88.4592
SAHEB COLONY BUS STOP,22.88522,88.4349
DONGARIA BUS STOP,22.39972,88.16353
NODAKHALI BUS STOP,22.39647,88.17186
BAKHRAHAT BUS STOP,22.39212,88.22357
BIBIRHAT BUS STOP,23.36122,88.32621
SHAMUKPOTA BUS STOP,22.4195766,87.9800183
SHAMALI BUS STOP,22.56520462,88.35215245
RASAPUNJA BUS STOP,22.43715,88.27862
HANSPUKUR BUS STOP,22.4521,88.2927
KHASNAN BUS STOP,22.53723,87.99828
UDANG BAZAR BUS STOP,22.53624,87.99799
AGUNSHI MORE BUS STOP,22.50835,87.98254
HAROP BAZAR BUS STOP,22.50021,87.97623
KHADINAN BUS STOP,22.4775,87.97214
MANIKPUR BUS STOP,22.65207,88.42719
DHULORBANDH BUS STOP,22.4195766,87.9800183
RANIHATI BUS STOP,22.56348,88.15904
DHULAGARH BUS STOP,22.57542,88.19239
BATA MORE BUS STOP,22.56012,88.35235
DAKGHAR BUS STOP,22.50552,88.25013
CALCIUM MORE BUS STOP,22.43008,88.15865
BIRLA MORE BUS STOP,23.73267,87.82938
CHARIAL MORE BUS STOP,22.47326,88.17351
BUDGE BUDGE BUS STOP,22.45881,88.17056
NUNGI MORE BUS STOP,22.49701,88.22528
TITAGARH BUS STOP,22.74319,88.3742
KHARDAH BUS STOP,22.72398,88.37366
SODEPUR GIRJA BUS STOP,22.7146,88.38648
MANKUR MORE BUS STOP,22.46427,87.94883
PATINAN BUS STOP,22.4195766,87.9800183
KALYANPUR BUS STOP,22.50169,87.91273
KULEPAIRI BUS STOP,22.4195766,87.9800183
KHALNA BAZAR BUS STOP,22.55159,87.93245
KHEJURDAHA BUS STOP,22.4195766,87.9800183
NATAGARH BUS STOP,22.6968174,88.3979583
INDRALOK MORE BUS STOP,22.4195766,87.9800183
DHAMISA BUS STOP,22.4195766,87.9800183
ALAMPUR BUS STOP,22.5848,88.2165
JALAN GATE BUS STOP,22.594588,88.2112
ANKURHATI BUS STOP,22.611386,88.2513907
NIBRA MORE BUS STOP,22.5682,88.268
MADHYAMGRAM BUS STOP,22.6929,88.4656
DOLTALA MORE BUS STOP,22.6777227,88.4538165
B.T. COLLEGE BUS STOP,22.68,88.4521
MICHAEL NAGAR BUS STOP,22.67441,88.44552
NAKTALA BUS STOP,22.46726,88.38207
BANSDRONI BUS STOP,22.4753,88.3598
BHAWANI BHAWAN BUS STOP,22.4195766,87.9800183
COLONY MORE BUS STOP,22.7234,88.4785
BARBARIA BUS STOP,22.161708,88.222991
JAGANNATHPUR BUS STOP,21.68497,87.66787
KOKAPUR BUS STOP,22.679,88.3788
RANGAPUR BUS STOP,22.7561,88.4362
NEELGUNGE BUS STOP,22.7371733,88.4113317
MATHRANGI BUS STOP,22.726156,88.47696
CHAPURIA BUS STOP,22.7668,88.4134
DEBPUKUR BUS STOP,22.765,88.4046
MOHANPUR BUS STOP,21.838531,87.4314549
WIRELESS MORE BUS STOP,22.7691,88.38858
SUBHASH COLONY BUS STOP,22.76725,88.37323
BARRACKPORE STATION BUS STOP,22.767427,88.388344
BARRACKPORE COURT BUS STOP,22.77087,88.34586
SAHARARHAT BUS STOP,22.2986459,88.1443781
BELSINGHA BUS STOP,22.301,88.152
HARINDANGA BUS STOP,23.3669,88.66761
DIGHIRPAR BUS STOP,22.3779,88.3137
DOSTIPUR BUS STOP,22.2986459,88.452312
SHIRAKOLE BUS STOP,22.342374,88.260719
AMTALA BUS STOP,23.927376,88.452312
BISHNUPUR BUS STOP,23.067881,87.316521
KHARIBERIA BUS STOP,22.40021,88.2778
BHASHA 14NO. BUS STOP,22.5023,88.3184
PAILAN BUS STOP,22.4336,88.2907
BAGMORE BUS STOP,22.95298,88.42324
HALISAHAR BUS STOP,22.9441261,88.4193259
BOLDEGHATA BUS STOP,22.5655,88.3838
GARIFA ROAD BUS STOP,22.9083,88.4093
NAIHATI STATION BUS STOP,22.88557,88.41655
BHATPARA BUS STOP,22.859726,88.404839
KANKINARA BUS STOP,22.85319,88.399179
JAGATDAL BUS STOP,22.858776,88.40612
AUTHPUR BUS STOP,22.8416,88.3821
SHYAMNAGAR BUS STOP,23.3492,88.6929
PALTA BAZAR BUS STOP,22.7815,88.3683
MOYNA CHECKPOST BUS STOP,22.24763,87.78316
KHILKAPUR BUS STOP,22.75767,88.49065
MIRHATI MORE BUS STOP,22.77055,88.49499
KAMDEBPUR BUS STOP,22.78709,88.50374
AMDANGA BUS STOP,22.80604,88.51187
RAHANA BAZAR BUS STOP,22.829,88.52001
KANCHIARA BUS STOP,22.88386,88.53651
BETHPUKUR BUS STOP,22.54796,88.40039
GADAMARA BUS STOP,22.90003,88.53925
KAPILESHWAR BUS STOP,22.93464,88.54379
RAFIPUR BUS STOP,22.82415,88.50944
PADMALAVPUR BUS STOP,22.83643,88.47491
RAMBATI BUS STOP,22.84645,88.45564
JAGULI MORE BUS STOP,22.94609864,88.54434406
MONDOURIE BUS STOP,22.94090143,88.52676449
CHARAPOLE BUS STOP,22.92938554,88.47283599
KAMPA MORE BUS STOP,22.92999075,88.46116846
DASHADRONE BUS STOP,22.6306089,88.44852684
GOPALPUR HOUSE BUS STOP,22.63740064,88.4507292
KALIPARK BUS STOP,22.63636719,88.45285354
BABLATALA BUS STOP,22.05867579,88.42937086
NARAYANPUR BUS STOP,22.17190651,88.2233772
BERABERI BUS STOP,22.76719167,88.44339412
RECKJUANI BUS STOP,22.63193676,88.48307122
RAJARHAT CHOWMATHA BUS STOP,22.62681716,88.48883763
LAUHATI BUS STOP,22.6111951,88.51328168
VEDIC VILLAGE BUS STOP,22.60443038,88.52593903
SHIKHARPUR BUS STOP,22.5989842,88.53075547
BAZETARAF BUS STOP,22.59360003,88.54698299
POLERHAT BUS STOP,22.10591927,88.30748318
KASHIPUR BUS STOP,22.80269012,88.68170499
SHONEPUR BUS STOP,23.30574405,87.91983764
KANTHALIA BUS STOP,23.87903682,88.57789416
CHANDPUR BUS STOP,23.41432958,88.33370143
DHIBDHIBA BUS STOP,22.60614441,88.55827977
PIRNAGAR BUS STOP,22.593,88.59385109
PAYRAGACHA BUS STOP,22.69922011,88.24933052
DHANPOTA BUS STOP,22.235474,88.39503842
MAZOMPUR BUS STOP,22.6064501,88.64467182
SALUA BAZAR BUS STOP,22.63279113,88.45092193
DEROZIO COLLEGE BUS STOP,22.63390968,88.45794764
MOTIGUNGE BUS STOP,23.0483412,88.83250412
GHATBOAR BUS STOP,23.06918796,88.82423319
KATLAMARI BUS STOP,23.33051815,88.23225796
CHANDA BUS STOP,23.66505706,87.04543969
GANRAPOTA BUS STOP,23.14013555,88.81857011
PATSHIMULIA BUS STOP,23.14405667,88.82085919
ASHARU BAZAR BUS STOP,23.17006997,88.84930985
HELENCHA BUS STOP,23.18650149,88.85655718
BAGDAH BUS STOP,23.21240698,88.88830241
MEHERANI BUS STOP,22.4195766,87.9800183
CHOATIA BUS STOP,22.4195766,87.9800183
SINDRANI BUS STOP,23.21755,88.73776
CHOWMUHA BUS STOP,22.6267394,88.4889454
KRISHNAMATI BUS STOP,22.67811,88.53791
KEMIA MORE BUS STOP,22.4195766,87.9800183
KUSTIA MORE BUS STOP,22.52899,88.37595
KANCHANTALA BUS STOP,22.5419,88.2508
BADU BAZAR BUS STOP,22.54496,88.31988
CHAPABERIA BUS STOP,22.4195766,87.9800183
CHALKI BAZAR BUS STOP,22.4195766,87.9800183
GOPALNAGAR BUS STOP,23.1799,88.5743
PALLAGRAM BUS STOP,22.4195766,87.9800183
NAHATA BUS STOP,22.9165,88.82165
NIMTALA BUS STOP,22.97587,88.43106
NAGARUKHRA BUS STOP,22.9421,88.6383
HAPANIA BUS STOP,23.7881,88.6383
JHIKRA BAZAR BUS STOP,22.896,88.6485
BANBANIA BUS STOP,22.85997,88.65415
SREEPALLY BUS STOP,22.5376,88.3523
MAMUDPUR BUS STOP,23.8357,87.9689
GOALBAGI BUS STOP,23.16226,88.73621
NATABERIA BUS STOP,23.1744825,88.7317165
MALIPOTA BUS STOP,22.4195766,87.9800183
BAJITPUR BUS STOP,22.02424,88.61447
PURATAN BONGAON BUS STOP,23.0046,88.84147
ANGRAIL BUS STOP,23.0394,88.8285
BARNABERIA BUS STOP,22.4195766,87.9800183
JHAWDANGA BUS STOP,22.4195766,87.9800183
KAHANKIA BUS STOP,22.4195766,87.9800183
PABNAPARA BUS STOP,22.4195766,87.9800183
PURANDARUR BUS STOP,22.4195766,87.9800183
SUBIDPUR BUS STOP,22.4195766,87.9800183
CULTURE MORE BUS STOP,22.6647,88.3984
BADAMTALA BUS STOP,22.80417,88.36637
BELGHORIA STATION BUS STOP,22.6606,88.3897
BONHOOGHLY TOBIN ROAD BUS STOP,22.65083,88.38243
SALTLAKE 4NO. TANK BUS STOP,22.5973,88.40894
BAISAKHI MORE BUS STOP,22.61703,88.43772
PURTA BHAWAN BUS STOP,22.5916,88.4199
DUMDUM STATION BUS STOP,22.647051,88.431686
GARCHA BUS STOP,22.4195766,87.9800183
BROAD STREET BUS STOP,22.4195766,87.9800183
RAICHAK MORE BUS STOP,22.20923,88.11926
SARISHA MORE BUS STOP,22.2552101,88.1900976
B.K.PAUL MORE BUS STOP,22.5959,88.3624
KALABERIA BUS STOP,22.5729,88.4384
LANGOLPOTA BUS STOP,22.6267,88.4889
MAHISHGARI BUS STOP,22.4195766,87.9800183
KALUR MORE BUS STOP,22.58815,88.50845
GANGRAGURI BUS STOP,21.63868,88.08009
GARFA ROAD BUS STOP,21.63868,88.3786
RAMLAL BAZAR BUS STOP,22.4195766,87.9800183
HALTU BAZAR BUS STOP,22.51125,88.38202
NALMURI BUS STOP,22.497797,88.5961
BORALI GHAT BUS STOP,22.51818,88.58457
PAGLARHAT BUS STOP,22.49737,88.57199
BHOJERHAT BUS STOP,22.5045148,88.5383955
KANTATALA BUS STOP,22.47545,88.65361
LEATHER COMPLEX BUS STOP,22.5073,88.5329
BANTALA BAZAR BUS STOP,22.4195766,87.9800183
CHOWBAGA BUS STOP,22.4195766,87.9800183
BOARDGHAR BUS STOP,22.5936716,88.4735656
MURAGACHA BUS STOP,23.37409,88.61429
GHOLA BAZAR BUS STOP,22.4195766,87.9800183
GIRISH PARK / COLLEGE STREET BUS STOP,22.58759,88.36302
SALTLAKE 9NO. TANK BUS STOP,22.58708,88.42434
206 BUS STAND BUS STOP,22.4719,88.3991
SALTLAKE 7NO. TANK BUS STOP,22.59769,88.42399
AHIRITOLA BUS STOP,22.5957,88.36
JORABAGAN BUS STOP,22.5922,88.3567
MALAPARA / NIMTALA GHAT BUS STOP,22.4195766,87.9800183
BARABAZAR / POSTA BAZAR BUS STOP,22.4195766,87.9800183
SHIBANIPITH BUS STOP,22.35673,88.43461
BARUIPUR HOSPITAL BUS STOP,22.3596751,88.4317758
BARUIPUR STATION BUS STOP,22.3658265,88.4310842
PADMAPUKUR BUS STOP,22.4938,88.5842
KHASMALLICK BUS STOP,22.4195766,87.9800183
HARINAVI BUS STOP,22.4195766,87.9800183
RAJPUR BAZAR BUS STOP,22.4064698,88.4088668
NARENDRAPUR BUS STOP,22.4366,88.3992
KAMALGAZI BUS STOP,22.4495,88.3912
MAHAMAYATALA BUS STOP,22.45403,88.38787
MALLICKBAZAR BUS STOP,22.4195766,87.9800183
SOUTHERN AVENUE BUS STOP,22.51404,88.35969
DOORDARSHAN BHAWAN BUS STOP,22.49524,88.36026
BIRATI STATION BUS STOP,22.6629,88.4299
SALTLAKE 12NO. TANK BUS STOP,22.57677,88.40905
SALTLAKE 16NO. TANK BUS STOP,22.59753,88.4242
BUILDING MORE BUS STOP,22.84135,88.62657
SUKHOBRISHTI MORE BUS STOP,22.56572,88.51426
KARIGARI BHAWAN BUS STOP,22.5603,88.49146
U.E.M. CAMPUS BUS STOP,22.56004,88.48991
UNITECH GATE 1 BUS STOP,22.61204,88.52628
NARKELBAGAN BUS STOP,22.5732,88.47293
AXIS MALL BUS STOP,22.58067,88.46077
NEWTOWN BUS STOP,22.583,88.4536
D.L.F. 1 BUS STOP,22.5816,88.4502
NICCO PARK BUS STOP,22.57158,88.42004
CHINGRIGHATA BUS STOP,22.55644587,88.41821167
MUKUNDAPUR BUS STOP,22.49074879,88.40561531
AJAYNAGAR BUS STOP,22.48984612,88.39469008
HILAND PARK BUS STOP,22.48310596,88.39162914
AKRA FATAK BUS STOP,22.53563772,88.25529337
BARTALA BAZAR BUS STOP,22.54213456,88.26525312
BICHALI GHAT BUS STOP,22.54924127,88.28523718
TRIMOHINI BUS STOP,23.92556678,88.36964604
KHOLAPOTA BUS STOP,22.6828994,88.81236104
GOPALPUR BUS STOP,22.90849209,88.70971821
MATIA BRIDGE BUS STOP,22.54884685,88.28247368
SWARUPNAGAR BUS STOP,22.81474343,88.85733869
BERACHAMPA BUS STOP,22.695749,88.68795173
DEGANGA BUS STOP,22.68738302,88.65371249
KARTICKPUR BUS STOP,22.6976481,88.63899715
AKRA STATION BUS STOP,22.51446892,88.24931848
MAHJERHAT BUS STOP,22.51854587,88.32233656
 MANIKTALA BUS STOP,22.58507061,88.37482942
GURUSADAY ROAD BUS STOP,22.53400016,88.36434606
NAYABAD BUS STOP,22.48591779,88.41227423
PEERLESS HOSPITAL BUS STOP,22.48147829,88.39266804
PARNASREE BUS STOP,22.50939716,88.30658721
BEHALA PS BUS STOP,22.50385235,88.31862857
DHAPA ROAD BUS STOP,22.54835749,88.4002015
BEADON STREET BUS STOP,22.59102988,88.36274904
MALAPARA BUS STOP,22.58696739,88.35508304
CENTRAL PARK BUS STOP,22.58383138,88.41563959
KADAPARA BUS STOP,22.57070394,88.4038522
SUBHASH SAROBAR BUS STOP,22.57079564,88.40035657
ECO PARK BUS STOP,22.59432713,88.47335539
ALIAH UNIVERSITY BUS STOP,22.59113235,88.48727219
ECO SPACE BUS STOP,22.58427599,88.48954616
D.L.F. 2 BUS STOP,22.57888698,88.48567309
UNITECH GATE 2 BUS STOP,22.57692528,88.48306591
BELGHARIA STATION BUS STOP,22.66059126,88.38968692
BANDHA GHAT BUS STOP,22.60138748,88.34887828
HANSKHALI BUS STOP,23.3597246,88.60555073
SALTLAKE P.N.B BUS STOP,22.59151391,88.39997778
BAKSARA BUS STOP,22.58134637,88.29600118
BELEPOLE BUS STOP,22.5773154,88.30295081
GHORADAHA BUS STOP,22.66899514,87.78298037
MUNSHIRHAT BUS STOP,22.65402141,88.09409402
BARAGACHIA BUS STOP,22.6676942,88.13237712
DOMJUR BUS STOP,22.63420776,88.22061711
LILUAH STATION BUS STOP,22.61932669,88.34821521
MANDIRTALA BUS STOP,22.56951049,88.31759613
VIDYASAGAR SETU BUS STOP,22.56400228,88.31818436
E.M. BYPASS BUS STOP,22.58942273,88.3956412
MATHPUKUR BUS STOP,22.54796287,88.40043519
METROPOLITAN BUS STOP,22.552653,88.40634991
DALANGHATA BUS STOP,22.1708682,88.23355611
HATUGUNGE BUS STOP,22.16899329,88.25252306
DEULAR MORE BUS STOP,22.16881761,88.28230506
MANDIRBAZAR BUS STOP,22.16016213,88.32132678
RATNESHWARPUR BUS STOP,22.15913832,88.35940212
PUKURIA HAT BUS STOP,22.15441226,88.37323839
KARBALA MORE BUS STOP,22.14547059,88.38852344
MATHURAPUR STATION BUS STOP,22.14229152,88.39449942
SOUTH BISHNUPUR BUS STOP,22.38073273,88.27228025
KHOTIRBAZAR BUS STOP,22.72934223,88.35034327
BELGACHI BUS STOP,22.60520659,88.38394426
LALPUR BUS STOP,22.12384742,88.41924463
KRISHNACHANDRAPUR BUS STOP,21.84094026,88.41924463
KASHINAGAR BUS STOP,22.0880408,88.42751201
COMPANIR THEK BUS STOP,22.0384098,88.42690116
MAYRAMAHAL BUS STOP,22.76865191,88.33018551
KHANDALIA BUS STOP,22.4195766,87.9800183
HARIDASHPUR BUS STOP,22.3230164,87.81526409
BHADURA BUS STOP,22.27590254,88.12632146
GOUNDIA RAGHUNATHPUR BUS STOP,22.27600802,88.12634516
DHUKRIJHARA BUS STOP,22.4195766,87.9800183
PATESWARI MANDIR BUS STOP,22.2578222,88.16042304
PITAMBARA BUS STOP,22.25563217,88.16729927
SARISHA 246 MORE BUS STOP,22.2482698,88.18520128
KALAGACHIA BUS STOP,22.23925347,88.18419337
KAPATHAT BUS STOP,22.20619277,88.18408461
LENINNAGAR BUS STOP,22.4195766,87.9800183
NOONGOLA BUS STOP,22.4195766,87.9800183
DIAMOND HARBOUR BUS STOP,22.19350953,88.18970492
MANDABTALA BUS STOP,22.4195766,87.9800183
ANCHNA BUS STOP,22.4195766,87.9800183
BRINDABANPUR BUS STOP,22.10563956,87.86818471
RAMNARAYANPURRAMNARAYANPUR BUS STOP,22.86095103,87.99540035
BURUL BAZAR BUS STOP,22.36101546,88.11371017
CHANDUA BAZAR BUS STOP,22.36269591,88.12441743
BISALAKSHMITALA BUS STOP,22.4195766,87.9800183
UTTAR RAMKRISHNAPUR BUS STOP,22.4911718,88.40470402
GHASIARA BUS STOP,22.43956742,88.4427345
RAMCHANDRAPUR BUS STOP,22.43314139,88.46296909
ARAPANCH BUS STOP,22.43104815,88.47043992
NATAGACHI BUS STOP,22.42756066,88.4722512
TEMATHA BUS STOP,22.42343499,88.50109032
MAKRAMPUR BUS STOP,22.49120612,88.40453902
PRASADPUR BUS STOP,22.42776135,88.53033326
SUNDIA BUS STOP,22.42873493,88.53236643
CHANDANESHWAR BUS STOP,22.43672949,88.5688156
JHAUTALA BUS STOP,22.48465429,88.29766399
SOBEDATALA BUS STOP,22.4195766,87.9800183
PATKELPOTA BUS STOP,22.43785901,88.58190434
SONDALIA BABLATALA BUS STOP,22.63279647,88.45228039
BADIR MORE BUS STOP,22.4195766,87.9800183
SITURI BUS STOP,22.4444,88.59694
KALITALA BUS STOP,23.2417,88.551
BODRA BUS STOP,22.4513,88.6097
SAIHATI BUS STOP,22.4195766,87.9800183
JAGULGACHI BUS STOP,22.48452,88.60856
 PALBAZAR BUS STOP,22.4195766,87.9800183
POWER HOUSE BUS STOP,22.60027,88.37419
IIMC HOSPITAL BUS STOP,22.45045,88.30604
MISSION PALLY BUS STOP,22.44362,88.42043
SHIMULTALA BUS STOP,22.53088,88.31248
BHASHA 14NO BUS STOP,22.4195766,87.9800183
UTTAR CHANDIPUR BUS STOP,22.55669,88.65942
KACHUBERIA BUS STOP,21.8593,88.1415
KULPI BUS STOP,22.08342,88.24462
DAKSHIN RAMKRISHNAPUR BUS STOP,22.05482,88.2487
CHAKDULALPUR BUS STOP,22.03995,88.23234
KARANJALI BUS STOP,22.03551,88.24567
ONGC MORE BUS STOP,22.43952,88.3402
NATUN RASTAR MORE BUS STOP,21.96909,88.20811
KAKDWIP STATION (BAMUNER MORE) BUS STOP,21.872969,88.199615
KAKDWIP BUS STAND BUS STOP,21.91187,88.1856
KAJOLER MORE BUS STOP,22.4195766,87.9800183
HOSPITAL MORE BUS STOP,21.97418,88.35093
GANGADHARPUR BUS STOP,21.8879,88.31916
ADDHABAZAR BUS STOP,21.83906,88.31474
MILAN MORE BUS STOP,22.02766,88.37016
 UTTAR CHANDIPUR BUS STOP,22.4195766,87.9800183
TANTIRHAT BUS STOP,22.0943,88.27569
DAYARAMPUR BAZAR BUS STOP,22.4195766,87.9800183
LAKSHMIKANTAPUR STATION BUS STOP,22.109867,88.320869
GABBERIA BUS STOP,22.553953,88.133702
BHAGABATIPUR BUS STOP,22.6927,88.19155
SIDDHIBERIA BUS STOP,22.3653,88.3751
PATHARBERIA MORE BUS STOP,22.36969,88.20969
JAMALPUR MORE BUS STOP,22.49612,88.2687
JAGADISHPUR HOSPITAL BUS STOP,22.07178,88.30313
 DHOLAHAT MORE BUS STOP,22.3653,88.3751
DAKSHIN BIRAMPUR BUS STOP,22.4195766,87.9800183
BHAGABANPUR MORE BUS STOP,22.76573,88.40577
CHOWDHURY CHAK BUS STOP,22.4195766,87.9800183
SARASBERIA BUS STOP,22.37462,88.77633
BRAHMANER MORE BUS STOP,21.98982,88.36654
RATHTALA BUS STOP,22.663,88.3766
GURUDASPUR HOSPITAL MORE BUS STOP,22.92695,88.36787
TENTULIA BAZAR BUS STOP,22.78552,88.85413
JASHODA MORE BUS STOP,22.4195766,87.9800183
INDRANARAYANPUR BUS STOP,22.4195766,87.9800183
RAMGANGA BDO OFFICE BUS STOP,21.82177,88.36798
DHRUBABAZAR BUS STOP,21.81917,88.37509
BEHALA 14NO BUS STOP,22.5023,88.3184
KALATALAHAT BUS STOP,22.29527,88.09599
GHATAKPUKUR BUS STOP,22.5029,88.6156
BAMUNIA BUS STOP,23.0537,87.7135
CHANDIPUR BUS STOP,22.53226,88.63055
GHOSHPUR BUS STOP,22.448663,88.867767
GHUSHIGHATA BUS STOP,22.5959,88.4007
BAMANPUKUR BUS STOP,22.57265,88.69021
KUSHANGRA BUS STOP,22.51855,88.71746
MINAKHAN BUS STOP,22.508,88.7275
JOYGRAM BUS STOP,22.5306884,88.9335973
GABBUNI BUS STOP,22.34483,88.76331
CHARABIDYA BUS STOP,22.34469,88.76346
ATHAROBANKI BUS STOP,22.3055,88.7059
DHURI BAZAR BUS STOP,22.34483,88.76331
AMJHARA BUS STOP,22.32145,88.70511
KANTHALBERIA BUS STOP,22.305557,88.420878
KALTALA BUS STOP,22.289,88.6949
BHANGANKHALI BUS STOP,22.28876,88.68521
NARAYANTALA BUS STOP,22.6096,88.4275
KULTALI BUS STOP,21.88352,88.52677
UTTAR SONAKHALI BUS STOP,22.55164,87.7669
MASHAT MARKET BUS STOP,22.2814,88.24124
USTHI BUS STOP,22.2317,88.2733
ADHARMANIK BUS STOP,22.37236,88.35572
BAGARIA BUS STOP,22.34483,88.76331
PIRTALA BUS STOP,23.6858,87.9353
GHATUR MORE BUS STOP,23.3598,88.2946
GOBRA MORE BUS STOP,22.6661,88.495
JALILPUR BUS STOP,22.34483,88.76331
BALAKHALI BUS STOP,21.5633,88.2682
JULPIA BUS STOP,22.36605,88.35392
DHOPAGACHI BUS STOP,22.92484,88.58973
KALYANPUR PANCHAYAT BUS STOP,22.3697,88.40505
SUJAPUR BUS STOP,22.91133,88.08688
MOHIRAMPUR BUS STOP,22.3139,88.1332
CANNING STATION BUS STOP,22.3127,88.6687
MATLA BRIDGE BUS STOP,22.30265,88.67409
DOCKGHAT BUS STOP,22.30777,88.68325
SONAKHALI BUS STAND BUS STOP,22.34483,88.76331
BASANTI CHOWMATHA BUS STOP,22.1593,88.7015
SHIBGANJ BAZAR BUS STOP,22.68104,88.15585
SUNDERBAN CHOWMATHA BUS STOP,22.1593,88.7015
JYOTISHPUR BUS STOP,22.13388,88.71571
BASHIRAM BAZAR BUS STOP,22.13161,88.66993
HIRANMOYPUR BUS STOP,22.1251,88.67929
NAFARGANGE BUS STOP,22.08945,88.66475
KUMIRMARI BAZAR BUS STOP,22.2041589,88.934646
SAHIDNAGAR BUS STOP,22.32283136,88.40150999
DUTTABAZAR BUS STOP,21.81928,88.37509
NIMPITH BUS STOP,22.65923692,88.41250491
TULSIGHATA BUS STOP,22.15016159,88.45096549
MOLLARCHAK BUS STOP,22.51229812,88.27162097
NATUNHAT BUS STOP,22.48730446,88.27218339
PRIYOR MORE BUS STOP,22.57843003,88.3008776
KHOLAKHALI HAT BUS STOP,22.13565508,88.52345384
JALABERIA BUS STOP,22.12574916,88.56206913
NASKARPARA BUS STOP,22.5035807,88.37633337
JAMTALA BUS STOP,22.41094674,88.37131177
MANDALERHAT BUS STOP,22.58105889,88.33433344
SANKIZAHAN BUS STOP,22.32283136,88.40150999
KANTAMARI BUS STOP,22.32283136,88.40150999
DAKSHIN DURGAPUR BUS STOP,22.32283136,88.40150999
PETKULCHAND BAZAR BUS STOP,22.32283136,88.40150999
BHASA PANCHRASTA BAZAR BUS STOP,22.32283136,88.40150999
DEBIPUR BUS STOP,23.14254719,88.15749666
BHUBANESHWARI BUS STOP,22.56049411,88.36349614
BINDOPUR BUS STOP,22.32283136,88.40150999
LAKSHMI MORE BUS STOP,22.46456732,88.37701026
MAIPITH BAZAR BUS STOP,22.32283136,88.40150999
BAIKUNTHAPUR BUS STOP,22.43653665,88.42487816
FERRY GHAT BUS STOP,22.56334509,88.32582981
SUBHASNAGAR BUS STOP,22.75523653,88.43855031
TENTULTALA BUS STOP,22.60762118,88.39872487
KAUTALA BUS STOP,22.32283136,88.40150999
MADHABPUR MORE BUS STOP,22.77233273,88.46546596
MANIKPIR MORE BUS STOP,22.86336795,88.39489697
BINODPUR BUS STOP,22.580888,88.35940536
MAIPITH COASTAL BUS STOP,21.91537061,88.53339624
KALIDANGA BUS STOP,22.18187887,88.71844051
CHANDKHALI BUS STOP,22.17067939,88.72826281
MATGARAN BUS STOP,22.17074397,88.72824668
DAKSHIN BATTALA BUS STOP,22.17039126,88.72845056
MASJIDBATI BUS STOP,22.17039126,88.72845056
PANIKHALI BUS STOP,23.22843243,88.67394469
 NIRDESHKHALI BUS STOP,22.17039126,88.72845056
10 NO. MAJHIPARA BUS STOP,22.97441836,88.43481597
BARIA BUS STOP,22.46705627,88.40084635
BAGULAKHALI BUS STOP,22.60868039,88.4270611
UKILERHAT BUS STOP,22.17039126,88.72845056
NAMKHANA STATION BUS STOP,22.36561045,88.27255445
SIBANAGAR BUS STOP,22.17039126,88.72845056
10 MILE BAZAR BUS STOP,22.57443109,88.37314564
FRASERGUNJE BUS STOP,22.17039126,88.72845056
AMRABATI BUS STOP,22.17039126,88.72845056
NIMTA BAZAR BUS STOP,22.66223834,88.4094494
NABABPUR BUS STOP,22.61199259,88.46710182
DURGANAGAR BUS STOP,22.6560122,88.41885536
MATHKAL BUS STOP,22.6517667,88.40191304
DUNLOP BRIDGE BUS STOP,22.6523747,88.37718606
KUNDUBARI BUS STOP,22.77606612,88.38965314
BABANPUR BUS STOP,22.78517331,88.38953196
KAYRAPUR BUS STOP,22.78963656,88.3942782
MUTHURAPUR BUS STOP,22.77867803,88.48395412
KOWGACHI BUS STOP,22.82060905,88.39594164
HANSIA BUS STOP,22.79806798,88.39776012
BASUDEBPUR BUS STOP,22.81866993,88.40341779
GURDAH BUS STOP,22.81413888,88.40213846
KEUTIA BUS STOP,22.84569194,88.42346255
BANSTALA BUS STOP,22.42708565,88.41596778
DOGACHIA BUS STOP,22.9991822,88.79568597
BONGAON 78E BUS STAND BUS STOP,23.04950355,88.83034304
BONGAON 1 NO. RAILGATE BAZAR BUS STOP,23.03648727,88.82601298
GOLAKNAGAR BUS STOP,23.06082423,88.76713869
KALUPUR BUS STOP,22.17039126,88.72845056
MONDOLPARA BUS STOP,22.04838922,88.42553196
CHANDPARA BAZAR BUS STOP,22.9691422,88.78036403
BOKCHORA BUS STOP,22.95410686,88.75675897
GAIGHATA P.S. BUS STOP,22.93033775,88.73111196
AMKOLA BUS STOP,22.17039126,88.72845056
MATIKUMRA BUS STOP,22.72837878,88.68459646
SHRIPUR MALLIKPUR BUS STOP,22.17039126,88.72845056
HATKHOLA BAZAR BUS STOP,22.59956102,88.36087494
GOBARDANGA GOIPUR BUS STOP,22.87658057,88.75996853
KUMORPALLY BUS STOP,22.17039126,88.72845056
GOBARDANGA BAZAR BUS STOP,22.87726019,88.76149735
NAKPUL BUS STOP,22.8679902,88.74309539
MACHHLANDAPUR STATION BUS STOP,22.18588322,87.96162864
BISWASHATI BAZAR BUS STOP,22.84184587,88.74162809
SHIMULPUR SENBARI BUS STOP,22.92194137,88.7836593
MAGRA BAZAR BUS STOP,22.80477207,88.74146197
BAGJOLA BAZAR BUS STOP,22.78900805,88.7411054
HAIDARPUR BUS STOP,22.17039126,88.72845056
RUDRAPUR BUS STOP,22.76323333,88.77592587
BADURIA BAZAR BUS STOP,22.74348116,88.78792084
TARAGUNIA BUS STOP,22.62048946,88.43134893
GADARATI BUS STOP,22.58625872,88.36955084
MAITROBAGAN BUS STOP,22.5463121,88.39152349
BASIRHAT 72 BUS STAND BUS STOP,22.6626756,88.85855812
JOYGACHI BUS STOP,22.84887033,88.66397958
PAYRAGACHI BUS STOP,22.56705805,88.35490468
NAKPUL BAZAR BUS STOP,22.52831646,88.38312285
MACHHLANDAPUR BUS STOP,22.49020401,88.41743196
BAGJOLA BUS STOP,22.7990505,88.74264483
JANGALPUR BUS STOP,22.59093404,88.22120766
 NARAYANPUR BUS STOP,22.64353242,88.46198881
BADURIA BUS STOP,22.74286174,88.78948295
HARISPUR BUS STOP,22.67868696,88.83844413
TRIMOHANI BUS STOP,22.6675116,88.8501531
BASIRHAT CHOWMATHA BUS STOP,22.6592652,88.85702326
BHYABLA HALT BUS STOP,22.6546834,88.85552278
PIFA BUS STOP,22.59246435,88.40541841
MURARISHAH CHOWMATHA BUS STOP,22.57337946,88.84214547
BHEBIA CHOWMATHA BUS STOP,22.57272267,88.83965758
DAKSHIN AKHRATALA BUS STOP,22.49116682,88.84022888
MITEKHALI BUS STOP,21.9967591,87.73883615
SADARPUR BUS STOP,22.48893461,88.41724289
MADARTALA BUS STOP,22.60118283,88.6149968
KENDUA BAZAR BUS STOP,22.47126149,88.38244033
MALATIPUR BUS STOP,22.17039126,88.72845056
KORAPARA BUS STOP,22.98676678,87.85498086
GHORARAS BELTALA BUS STOP,22.65235113,88.78357198
GOPALPUR MORE BUS STOP,22.90830077,88.70988409
HARISHPUR BUS STOP,23.60105406,87.17716548
BASIRHAT TRIMOHINI BUS STOP,22.66257195,88.85852978
BASIRHAT PURATAN BAZAR BUS STOP,22.6638392,88.86037514
BASIRHAT COURT BUS STOP,22.6706107,88.84792014
SANGRAMPUR BUS STOP,22.6662083,88.87128488
BIRAMNAGAR BUS STOP,22.67918279,88.87011945
GANDHARBAPUR BUS STOP,22.50329673,88.61550403
KATIAHAT BAZAR BUS STOP,22.73132897,88.86286499
ATURIA BUS STOP,22.75242071,88.86465849
GOALDAHA BUS STOP,22.76610831,88.85420864
GOKULPUR BUS STOP,22.95009222,88.46739379
TENTULIA BUS STOP,22.78457083,88.85407519
HATHATGANGE BUS STOP,22.47523154,88.28997879
SWARUPNAGAR BDO OFFICE BUS STOP,22.81597873,88.85726124
MALANGAPARA BUS STOP,22.81893902,88.85852429
JORABATTALA BUS STOP,22.55223413,88.15711059
SARAPUL BUS STOP,22.8500763,88.86658429
DAKBUNGALOW BAZAR BUS STOP,22.83828074,88.86713679
NIRMAN BUS STOP,22.84267934,88.88858146
DUTTAPARA BUS STOP,22.95940831,87.92213105
BITHARI BUS STOP,22.84698771,88.93321045
BARASAT DAKBUNGLOW MORE BUS STOP,22.71090935,88.47550392
MADHYAMGRAM CHOWMATHA BUS STOP,22.69293529,88.46556246
DOLTALA BUS STOP,22.68245124,88.46227383
BT COLLEGE BUS STOP,22.6799991,88.45216051
GOURIPUR BUS STOP,22.6649124,88.44396419
AIRPORT (COVERS ALL 4 GATES) BUS STOP,22.6458458,88.43392594
HALDIRAM BUS STOP,22.62812879,88.43300429
TEGHARIA BUS STOP,22.62173729,88.43236281
BAGUIHATI BUS STOP,22.60982929,88.42751366
KESHTOPUR BUS STOP,22.60337155,88.42330795
LAKE TOWN BUS STOP,22.59935,88.40623063
ULTODANGA BUS STOP,22.59440379,88.39128007
BENGAL CHEMICAL BUS STOP,22.58021637,88.40146847
MANI SQUARE BUS STOP,22.57810669,88.40172155
CHINGRIHATA BUS STOP,22.55656766,88.41241537
CHOWBAGHA BUS STOP,22.53306428,88.40236022
BANTALA BUS STOP,22.525923,88.44293383
BAMANGHATA BUS STOP,22.5182064,88.47128388
CALCUTTA LEATHER COMPLEX (COVERS ALL 3 GATES) BUS STOP,22.50814968,88.51847694
PAGLAHAT BUS STOP,22.4971894,88.57204283
BORALIGHAT BUS STOP,22.56395734,88.33859953
MATHBARI BUS STOP,22.54620184,88.39971099
RAJBARI BUS STOP,22.842612,88.58057539
SHIRISHTALA BUS STOP,22.74347935,88.34693052
KANMARI MORE BUS STOP,22.44064542,88.80331597
FAKIRTALA BUS STOP,23.4142224,88.39544595
RAMPUR BUS STOP,22.515411,88.28372252
DAKBUNGLOW MORE BUS STOP,22.7107411,88.47545564
SUKANTANAGAR BUS STOP,22.67810762,88.44753351
MICHAELNAGAR BUS STOP,22.67421844,88.44540655
BANKRA BUS STOP,22.6670732,88.44466916
SARAT COLONY BUS STOP,22.6558497,88.43996992
AIRPORT (COVERS ALL THE GATES) BUS STOP,22.6480573,88.43572864
TEGHORIA BUS STOP,22.62165297,88.43249588
FULBAGAN BUS STOP,22.57178879,88.39172335
BELEGHATA CIT MORE BUS STOP,22.56211922,88.40785952
SARKARBAZAR BUS STOP,22.56512119,88.38508174
SALES TAX BUS STOP,22.56610469,88.37999242
MUNSHIBAZAR BUS STOP,22.56356918,88.37808991
SEALDAH COURT BUS STOP,22.56507758,88.37048738
NRS HOSPITAL BUS STOP,22.563378,88.36779164
AKASHBANI BHABAN BUS STOP,22.5655,88.34471136
RG KAR HOSPITAL BUS STOP,22.60318679,88.37780866
NAGERBAZAR BUS STOP,22.62302869,88.41410173
AIRPORT BUS STOP,22.64350721,88.43215836
BARASAT CHAMPADALI MORE BUS STOP,22.7201075,88.48615219
GOLABARI BUS STOP,22.70173872,88.57612958
BELIAGHATA BAZAR BUS STOP,22.55944473,88.40974014
JADURHATI BUS STOP,22.73536616,88.73965852
RAGHUNATHPUR BUS STOP,22.96288765,88.53615981
BARRACKPORE CANTONMENT BUS STOP,22.77057772,88.34583474
CHIRIAMORE BUS STOP,22.61876497,88.37988859
NONACHANDANPUKUR BUS STOP,22.76693879,88.37749691
WIRELESS GATE BUS STOP,22.76739821,88.38745074
GHEEDAH BUS STOP,22.76433639,88.41440665
MATHRANGI MORE BUS STOP,22.76229621,88.42390455
NILGUNGE HAT BUS STOP,22.75896147,88.43292257
KAZIBARI BUS STOP,22.74767901,88.44836789
HELABATTALA BUS STOP,22.72477183,88.4788282
SALTLAKE KARUNAMOYEE NARAYANPUR BUS STOP,22.58466213,88.42216867
MOGRA BUS STOP,22.98438112,88.37554694
KUMRA - KASHIPUR BUS STOP,22.81532816,88.69938676
KOIPUKUR BUS STOP,22.82696957,88.66765653
BANIPUR BUS STOP,22.82251182,88.64265774
HABRA BUS STOP,22.84241669,88.65775857
ASHOKNAGAR BUS STOP,22.8277685,88.62764912
GUMA BUS STOP,22.8085,88.6011
LAKSHMIPOOL BUS STOP,22.109867,88.320869
BIRA BUS STOP,22.78568,88.57325
DUTTAPUKUR BUS STOP,22.7609,88.5481
BANUMGACHI BUS STOP,22.75692,88.507256
BARASAT CHAMPADALI BUS STOP,22.7195,88.4867
DAKBUNGALOW MORE BUS STOP,22.84572,88.63779
AIRPORT GATE 1 BUS STOP,22.6419,88.4311
VIP ROAD BUS STOP,22.84572,88.63779
JOYGACHHI BUS STOP,22.8489,88.664
HABRA STATION BUS STOP,22.8434,88.65721
HABRA MANSABARI BUS STOP,22.83939,88.65231
RADHA CHEMICAL MORE BUS STOP,22.84572,88.63779
KANKPUL SCHOOL BUS STOP,22.84572,88.63779
KANKPUL MORE BUS STOP,22.84572,88.63779
DAULATPUR BUS STOP,22.8667,88.6213
SENDANGA BUS STOP,22.8893847,88.6060294
PUMLIA BAZAR BUS STOP,22.92015,88.59421
NOORPUR BUS STOP,22.23272,88.09388
SHRIKRISHNAPUR BUS STOP,22.2225,87.9252
AMRAGACHHI BUS STOP,22.94298,88.57224
RAJBERIA BUS STOP,22.9245,88.5409
JAGULI ANANDAPUR BUS STOP,22.9289,88.5424
CHAMPADALI MORE BUS STOP,22.7201,88.4861
KAZIPARA BUS STOP,22.72228,88.49935
CTC DEPOT BUS STOP,22.5276,88.35712
BAMUNMURA BUS STOP,22.70545,88.51029
PIRGACHA BUS STOP,22.79013,88.47735
GOAKHALI BUS STOP,22.84572,88.63779
BOKUNDA BUS STOP,22.699,88.5901
BAIDYAPUR KANCHKAL BUS STOP,23.25525,88.36192
BELIAGHATA BRIDGE BUS STOP,22.5618,88.4084
BISWANATHPUR BUS STOP,22.69933,88.63022
KARTIKPUR BUS STOP,22.84572,88.63779
DEBALOY HADIPUR POST OFFICE BUS STOP,22.84572,88.63779
HADIPUR COLONY BUS STOP,22.6688,88.6847
HAROA RAILGATE BUS STOP,22.66483,88.68485
HAMADAMA BUS STOP,22.65432,88.68382
ADAMPUR BUS STOP,22.60555,88.66659
PIYARA BUS STOP,22.61944,88.68316
KAZIPARA RAILGATE BUS STOP,22.73821,88.51118
MONDONGATHI BUS STOP,22.84572,88.63779
BIRA JOYPUL CHOWMATHA BUS STOP,22.7823,88.57539
GUMA CHOWMATHA BUS STOP,22.80865,88.61104
KHOSDELPUR BUS STOP,22.81218,88.61917
ASHOKNAGAR RAILGATE BUS STOP,22.8251,88.6261
ASHOKNAGAR 5 NO. MORE BUS STOP,22.8348,88.6386
HABRA DESHBANDHU PARK BUS STOP,22.838,88.64783
SAPTAPALLY MORE BUS STOP,22.8526,88.66646
CHONGDA MORE BUS STOP,22.8593,88.6732
SONPUKUR BUS STOP,22.65541,88.52726
BERGUM BUS STOP,22.86629,88.71772
JAMTALA BOROPOLE BUS STOP,22.87847,88.72879
MANDALPUR BUS STOP,22.89811,88.74523
CHATRA BAZAR BUS STOP,23.02898,88.86156
BENAR MORE BUS STOP,23.02898,88.86156
KAYOSA BAZAR BUS STOP,22.80435,88.81271
RAMCHANDRAPUR BAZAR BUS STOP,22.82358,88.81832
HATHATGUNGE BUS STOP,23.02898,88.86156
MALLICKBARI BUS STOP,22.53394,88.34913
NANDIBARI BUS STOP,22.66737,88.39221
GOALBATHAN BUS STOP,22.83888,88.93322
NITYANANDAKATI BUS STOP,22.82781,88.94365
BALTI BUS STOP,22.81788,88.94255
MALLICKPUR TEMATHA BUS STOP,22.44587,88.33442
HIRGHATA BUS STOP,22.9609,88.5706
KEFAYETKATI BUS STOP,22.72696,88.8684
KATIAHAT BUS STOP,22.27091,88.14666
HATHATGANJ BUS STOP,22.27091,88.14666
RAGHABKATI BUS STOP,22.85335,88.87704
GOBINDAPUR BUS STOP,22.2968,88.0041
DUNLOP BUS STOP,22.6523,88.3772
SODPUR TRAFFIC MORE BUS STOP,22.70099,88.37476
KANCHKAL BUS STOP,22.71437,88.38934
GHOLA BUS STOP,22.69137,88.40745
SAJIRHAT BUS STOP,22.696293,88.4393203
APC COLLEGE BUS STOP,22.698,88.43861
HRIDAYPUR BUS STOP,22.711,88.4699
BARASAT DAKBUNGLOW BUS STOP,22.27091,88.14666
BONGAON 1NO. RAILGATE BAZAR BUS STOP,23.07344,88.81511
YOGENDRANATH HIGH SCHOOL BUS STOP,22.27091,88.14666
PANCHPOTA SCHOOL MORE BUS STOP,22.91666,88.85388
MONDONPARA BUS STOP,22.9889,88.7884
CHANDPARA B.D.O. OFFICE BUS STOP,22.02289,88.76841
GAIGHATA BAZAR BUS STOP,22.93035,88.73654
BAGNA MORE BUS STOP,22.93023,88.72619
DHARAMPUR BUS STOP,22.27091,88.14666
KOLASHIM BAZAR BUS STOP,22.1193,88.28125
KULPUKUR BUS STOP,22.8806,88.68807
HATTHUBA BUS STOP,22.9322,88.82165
ASHOKNAGAR STATION BUS STOP,22.8278,88.6276
BIRA CHOWMATHA BUS STOP,22.8278,88.6276
JOYPUL BAZAR BUS STOP,22.77711,88.56912
BAMANGACHHI BUS STOP,22.87734,88.67181
MONDONKATHI BUS STOP,22.6443,88.40092
AIRPORT 3NO. GATE BUS STOP,22.65403,88.4365
BELGHORIA EXPRESSWAY BUS STOP,22.87734,88.67181
PRAMODNAGAR BUS STOP,22.6443,88.40092
BARANAGAR ROAD STATION BUS STOP,22.641192,88.3744
NILGUNGE ROAD BUS STOP,22.76166,88.43106
SINTHI BUS STOP,22.63081047,88.37857939
BIDHANNAGAR ROAD STATION BUS STOP,22.59125319,88.39058496
HUDCO BUS STOP,22.59006828,88.39339536
PNB BUS STOP,22.59124168,88.39942734
BAISAKHI BUS STOP,22.59730376,88.42125988
SECTOR V BUS STOP,22.57244588,88.43813811
NAZRUL TIRTHA BUS STOP,22.58132328,88.44816674
MOYNA BUS STOP,22.73816259,88.48054959
KATHGOLA BUS STOP,22.61144801,88.44484402
NOAPARA BUS STOP,22.61905418,88.4475906
BIRATI BUS STOP,22.83673923,87.88960238
CITY CENTRE 2 BUS STOP,22.62178711,88.45048815
AKANSHA BUS STOP,22.61832681,88.46506264
NAWABPUR BUS STOP,22.61200249,88.46713401
JATRAGACHI BUS STOP,22.58446489,88.47382729
NEW TOWN BUS STOP,22.5818765,88.45153257
DLF BUS STOP,22.581718,88.45153257
MAHISBATHAN BUS STOP,22.58011229,88.44031349
GODREJ WATERSIDE BUS STOP,22.57281583,88.43797145
TECHNOPOLIS BUS STOP,22.58042118,88.43805612
WIPRO BUS STOP,22.57919149,88.42628724
TANK NO.10 BUS STOP,22.58226568,88.42416766
I.T.C. INFOTECH BUS STOP,22.54439708,88.35367376
HAJRATALA BUS STOP,22.52244443,88.34672809
NATUNPUKUR BUS STOP,22.54955701,88.36239219
SIRISHBAGAN BUS STOP,22.56736323,88.48190071
UNITECH GATE NO. 1 BUS STOP,22.57691537,88.48311419
NEWTOWN BUS STAND. TECHNOPOLIS BUS STOP,22.58041127,88.43797029
PHILLIPS MORE BUS STOP,22.57812386,88.43557965
W.I.P.R.O. BUS STOP,22.57916177,88.42628724
10 NO. TANK BUS STOP,22.58230385,88.42409647
BIDHAN NAGAR COLLEGE BUS STOP,22.58525725,88.40497263
P.N.B. MORE BUS STOP,22.59135923,88.39969404
HUDCO MORE BUS STOP,22.58911627,88.39503476
ULTADANGA STATION BUS STOP,22.59327466,88.38869301
GOURIBARI BUS STOP,22.59412539,88.37756091
R.G KAR HOSPITAL BUS STOP,22.60318679,88.37779794
ANANDAPALIT BUS STOP,22.55647682,88.37261236
PHILIPS MORE BUS STOP,22.55902718,88.37275746
PRACHI CINEMA HALL BUS STOP,22.56488639,88.36828375
JAGAT CINEMA HALL BUS STOP,22.57153679,88.37119046
SUKEA STREET BUS STOP,22.58179837,88.37447591
SAHITYA PARISHAD BUS STOP,22.59061,88.37525136
FARIAPUKUR BUS STOP,22.60001314,88.37405654
RABINDRA BHARATI UNIVERSITY BUS STOP,22.62643706,88.37914201
SINTHIR MORE BUS STOP,22.63285339,88.3782904
BONHOOGLY BUS STOP,22.65054991,88.38233324
INDIAN STATISTICAL INSTITUTE BUS STOP,22.64850417,88.37762633
SABEDABAGAN BUS STOP,22.65111309,88.37257749
TANTIPARA BUS STOP,23.8980164,87.37649489
ALAMBAZAR MORE BUS STOP,22.6480332,88.36327336
PG HOSPITAL BUS STOP,22.54116505,88.34016768
TOLL PLAZA BUS STOP,22.6541944,88.32755673
SANTRAGACHI BUS STOP,22.58528389,88.28359978
UNSANI BUS STOP,22.5876886,88.28008178
KONA XING BUS STOP,22.60633853,88.25953524
SALAP BUS STOP,22.6135724,88.27122018
DOMJUR BDO OFFICE BUS STOP,22.626777,88.23327368
KHIDDERPORE BUS STOP,22.54122382,88.32561327
EXIDE BUS STOP,22.541476,88.34791809
MULLICKBAZAR BUS STOP,22.54617282,88.36142764
ALOCHAYA BUS STOP,22.56449318,88.38795479
CIT MORE BUS STOP,22.56303474,88.39575507
TATA MEDICAL BUS STOP,22.57717951,88.47878517
KASBA THANA BUS STOP,22.51938517,88.38259954
BIJAN SETU (BALLYGUNGE STATION) BUS STOP,22.52120398,88.36963036
MANOHARPUKUR BUS STOP,22.52084482,88.35165198
SHISHUMANGAL HOSPITAL BUS STOP,22.52327798,88.35209793
LANSDOWNE CROSSING BUS STOP,22.52507255,88.35248701
BELTALA BUS STOP,22.52720296,88.35277868
SOUTH CALCUTTA GIRLS' COLLEGE BUS STOP,22.529013,88.35276118
CHAKRABERIA ROAD XING BUS STOP,22.53586083,88.35545291
ROWLAND ROAD XING BUS STOP,22.53833518,88.35861711
CAMAC STREET BUS STOP,22.54127073,88.35131946
P.G HOSPITAL BUS STOP,22.54115514,88.34016768
SHIBPUR TOLL PLAZA BUS STOP,22.54127073,88.18572089
CARRY ROAD BUS STOP,22.57053981,88.30535136
BETORE BUS STOP,22.57843868,88.30087426
BAKSHARA BUS STOP,22.58136737,88.29599158
SANTRAGACHI STATION BUS STOP,22.58503443,88.28367823
SUKHOBRISHTI BUS STOP,22.56635246,88.51486224
KARIGARI BHABAN BUS STOP,22.56015018,88.49140234
INFOSPACE BUS STOP,22.57709276,88.48311022
UNITECH BUS STOP,22.57699038,88.48290918
NEW TOWN BUS STAND BUS STOP,22.58274825,88.45391437
MAHISHBATHAN BUS STOP,22.58031366,88.44095597
NABADIGANTA BUS STOP,22.576436,88.43971437
IBM BUS STOP,22.57603719,88.43115672
MAYUKH BHABAN BUS STOP,22.58984381,88.41952009
BIKASH BHABAN BUS STOP,22.59033865,88.41669362
CA ISLAND BUS STOP,22.58690809,88.40293264
2 NO. TANK BUS STOP,22.589389,88.40137483
PNB MORE BUS STOP,22.59000599,88.40091716
DUTTABAGAN BUS STOP,22.60754227,88.39144265
KALINDI BUS STOP,22.60921639,88.40031201
LAKE TOWN JESSORE ROAD BUS STOP,22.60946399,88.4006446
GARIA BUS STAND BUS STOP,22.46791845,88.40395078
BAISHNABGHATA BUS STOP,22.47031833,88.3773418
SULEKHA BUS STOP,22.49163017,88.37226409
JADAVPUR THANA BUS STOP,22.50267538,88.36772765
CIT ROAD BUS STOP,22.9117663,88.82448968
SEALDAH STN BUS STOP,22.91660908,88.85339172
MANICKTALA BUS STOP,22.54729646,88.38474153
TANK 4 BUS STOP,23.8338039,87.59047871
SECH BHAWAN BUS STOP,22.59108978,88.32002807
SEC V BUS STOP,22.54560297,88.37048866
NEWTOWN BUS TERMINUS BUS STOP,22.6067371,88.28658382
TOPSIA BUS STOP,22.601561,88.34443871
4 NO. BRIDGE BUS STOP,22.55747189,88.08561669
(ZEESHAN CROSSING/DARGA ROAD) BUS STOP,22.56334031,88.04883161
PARK CIRCUS 7 POINT BUS STOP,22.5756565,88.01027872
MALLIKBAZAR BUS STOP,22.5755909,87.99657962
NONAPUKUR BUS STOP,22.58226136,87.98710392
RIPON STREET BUS STOP,22.58713268,87.96543546
JORA GIRJA BUS STOP,22.59591249,87.96668838
ENTALLY MARKET BUS STOP,22.6005075,87.96661734
SHREEBHUMI BUS STOP,22.6059081,87.96371521
LAKE TOWN VIP BUS STOP,22.38491281,88.07970646
BANGUR BUS STOP,22.486111,88.30456312
KATAKHAL BUS STOP,22.14963923,88.09409743
BIDHHANAGAR COLLEGE BUS STOP,22.62447922,88.37903354
CC1 BUS STOP,22.52554977,88.03439926
BIKASH BHAVAN BUS STOP,22.67282779,87.97662735
TANK 10 BUS STOP,22.72021211,87.98280685
 TECHNOPOLISH BUS STOP,23.53213592,88.14357746
EASTERN ENCLAVE BUS STOP,22.59152248,88.27371963
COAL INDIA BUS STOP,22.76054255,87.98546658
KARIGARI BHAVAN BUS STOP,22.48377685,88.37489223
HATISALA BUS STOP,22.52938466,88.42065196
GABTOLA BAZAR BUS STOP,22.58452959,88.33422425
SATULIA BRIDGE BUS STOP,22.9117663,88.82448968
SADULI BUS STOP,22.91660908,88.85339172
BHOGALI BUS STOP,22.54729646,88.38474153
LAKE MALL BUS STOP,23.8338039,87.59047871
 DESHAPRIYA PARK BUS STOP,22.59108978,88.32002807
BELIAGHATA BUS STOP,22.54560297,88.37048866
NEW BARRACKPORE BUS STOP,22.6067371,88.28658382
KASHIMPUR BUS STOP,22.601561,88.34443871
SHIBALAYA BUS STOP,22.55747189,88.08561669
MIRHATI BUS STOP,22.56334031,88.04883161
DARIPUKUR BUS STOP,22.5756565,88.01027872
HELA BATTALA MORE BUS STOP,22.5755909,87.99657962
SATABHARAT BUS STOP,22.58226136,87.98710392
NABABHARATI. TALIKHOLA BUS STOP,22.58713268,87.96543546
BARBADIA BUS STOP,22.59591249,87.96668838
BISHNU COTTON MILL BUS STOP,22.6005075,87.96661734
BARASAT STATE UNIVERSITY BUS STOP,22.6059081,87.96371521
SUBHASH NAGAR BUS STOP,22.38491281,88.07970646
NILGUNGE HUT BUS STOP,22.486111,88.30456312
NILGUNGE BUS STOP,22.14963923,88.09409743
SAHEBBAGAN GATE BUS STOP,22.62447922,88.37903354
MATHARANI MORE BUS STOP,22.52554977,88.03439926
NILGUNGE DEPOT BUS STOP,22.67282779,87.97662735
CALCUTTA TECHNICAL SCHOOL BUS STOP,22.72021211,87.98280685
BORO KANTHALIA MORE BUS STOP,23.53213592,88.14357746
BARRACKPORE CHIRIA MORE BUS STOP,22.59152248,88.27371963
TALPUKUR BUS STOP,22.76054255,87.98546658
SODEPUR BUS STOP,22.48377685,88.37489223
PANIHATI BUS STOP,22.52938466,88.42065196
AGARPARA BUS STOP,22.58452959,88.33422425
ALPAN DIARY BUS STOP,22.9117663,88.82448968
PRABARTAK JUTE MILL BUS STOP,22.91660908,88.85339172
RUBBER FACTORY BUS STOP,22.54729646,88.38474153
SARASWATI PRESS BUS STOP,23.8338039,87.59047871
MADHABPUR BUS STOP,22.59108978,88.32002807
BERABERIA BUS STOP,22.54560297,88.37048866
LALKUTHI BUS STOP,22.6067371,88.28658382
BARRACKPORE CHIRIAMORE BUS STOP,22.601561,88.34443871
BANAMALIPUR BUS STOP,22.55747189,88.08561669
BARASAT DEPOT BUS STOP,22.56334031,88.04883161
KADAMBAGACCHI BUS STOP,22.5756565,88.01027872
TONA BUS STOP,22.5755909,87.99657962
BARASAT BUS STOP,22.58226136,87.98710392
NIMCHI BUS STOP,22.58713268,87.96543546
BHEBIA BUS STOP,22.59591249,87.96668838
BARASAT DISTRICT HOSPITAL BUS STOP,22.6005075,87.96661734
MANDALGANTHI BUS STOP,22.6059081,87.96371521
BAMANGACHI CHOWMATHA BUS STOP,22.38491281,88.07970646
ASHOKENAGAR RAILGATE BUS STOP,22.486111,88.30456312
SHERPUR KALIBARI BUS STOP,22.14963923,88.09409743
8 NO. KALIBARI MORE BUS STOP,22.62447922,88.37903354
HABRA MANASABARI BUS STOP,22.52554977,88.03439926
NAGARUKHRA MORE BUS STOP,22.67282779,87.97662735
BANBANIA CHOWMATHA BUS STOP,22.72021211,87.98280685
KAJLA BUS STOP,23.53213592,88.14357746
JHIKRA BATTALA BUS STOP,22.59152248,88.27371963
SINGA BUS STOP,22.76054255,87.98546658
HARIPARA BUS STOP,22.48377685,88.37489223
KASHTODANGA BUS STOP,22.52938466,88.42065196
CHOUBERIA CHOWRASTA BUS STOP,22.58452959,88.33422425
FULBARI BUS STOP,22.9117663,88.82448968
ASHOKNAGAR CHOWRANGI BUS STOP,22.91660908,88.85339172
KALYANGARH MORE BUS STOP,22.54729646,88.38474153
MANASABARI BAZAR BUS STOP,23.8338039,87.59047871
SANPUKUR BAZAR BUS STOP,22.59108978,88.32002807
KHATURA BAZAR BUS STOP,22.54560297,88.37048866
JAMDANI BUS STOP,22.6067371,88.28658382
MADHUSANKATI BUS STOP,22.601561,88.34443871
GAZNA BAZAR BUS STOP,22.55747189,88.08561669
SUTIA BUS STOP,22.56334031,88.04883161
PANCHPOTA BUS STOP,22.5756565,88.01027872
ACHARIPARA BUS STOP,22.5755909,87.99657962
PURANDARPUR BUS STOP,22.58226136,87.98710392
KADAMTALA BUS STOP,22.58713268,87.96543546
SHANPUR BUS STOP,22.59591249,87.96668838
JAPANIGATE BUS STOP,22.6005075,87.96661734
NIBRA CROSSING BUS STOP,22.6059081,87.96371521
MANIKPIR BUS STOP,22.38491281,88.07970646
BHANDARGACHA BUS STOP,22.486111,88.30456312
AMTA BUS STOP,22.14963923,88.09409743
BETAI BANDAR MORE BUS STOP,22.62447922,88.37903354
KHOROP BUS STOP,22.52554977,88.03439926
SEHAGORI MORE BUS STOP,22.67282779,87.97662735
THALIYA BUS STOP,22.72021211,87.98280685
NISCHINTAPUR BUS STOP,23.53213592,88.14357746
BINALA BUS STOP,22.59152248,88.27371963
MANASHATALA BUS STOP,22.76054255,87.98546658
SHAORABERIA BUS STOP,22.48377685,88.37489223
BARDA BUS STOP,22.52938466,88.42065196
CHITRASENPUR BUS STOP,22.58452959,88.33422425
KUMARCHAK BUS STOP,22.52554977,88.03439926
PURPAT BUS STOP,22.67282779,87.97662735
UDAINARAYANPUR BUS STOP,22.72021211,87.98280685
KURCHI BUS STOP,23.53213592,88.14357746
AL AMEEN MISSION BUS STOP,22.59152248,88.27371963
LEBUTALA BUS STOP,22.76054255,87.98546658
JAYANTI BUS STOP,22.48377685,88.37489223
PASCHIM GAZIPUR. ON RETURN GOES VIA :- SHANPUR BUS STOP,22.52938466,88.42065196
FANSITALA BUS STOP,22.58452959,88.33422425
CHAKHNA BUS STOP,22.57089877,88.0381
KALATALA BUS STOP,22.573478,88.01599082
ASUTTOLA BUS STOP,22.57112155,88.00257389
VANDERGACHA BUS STOP,22.56573201,88.05235569
10 NO. POLE BUS STOP,22.56525404,88.05650508
MANIKPIR BAZAR BUS STOP,22.55677267,88.08673065
JALA BISWANATHPUR BUS STOP,22.04880688,87.4909089
DHULOR BANDH BUS STOP,22.56573837,88.12715118
MALLIKBAGAN BUS STOP,22.56608428,88.14584636
JALAN COMPLEX BUS STOP,22.61006235,88.34480282
KONA EXPRESSWAY CROSSING (NIBRA) BUS STOP,22.60618006,88.25923483
KONA HIGH ROAD BUS STOP,22.62546739,88.29295918
JOYPUR BILL BUS STOP,22.64578712,88.30643996
BAMONDANGA BUS STOP,22.69953628,88.24882486
THAKURANICHAK KALITALA BUS STOP,22.6560851,88.32040471
SAHEBBAGAN BUS STOP,22.76166171,88.42723209
BALLY HALT STATION BUS STOP,22.6528153,88.33973519
BALLY BRIDGE BUS STOP,22.6530703,88.35453724
DAKSHINESWAR BUS STOP,22.65325611,88.36063406
DUNLOP (BARANAGAR ROAD STATION) BUS STOP,22.65335889,88.37839956
PRAMODNAGAR MATHKAL BUS STOP,22.6517865,88.40193449
BELGHARIA EXPRESSWAY BUS STOP,22.6620502,88.38017563
AIRPORT 3 NO. GATE BUS STOP,22.65347545,88.43646815
AIRPORT 2 NO. GATE BUS STOP,22.6458458,88.43394203
AIRPORT 1 NO. GATE BUS STOP,22.64366166,88.43242973
SANTRAGACHHI STATION BUS STOP,22.58514521,88.28370707
P.T.S. BUS STOP,22.53995527,88.33724939
P.G. HOSPITAL BUS STOP,22.54118486,88.34014622
RABINDRA SADAN (EXIDE MORE) BUS STOP,22.54249783,88.3441454
4 NO BRIDGE BUS STOP,22.53950109,88.37038668
VIP BAZAR BUS STOP,22.5255342,88.39598399
P.G. HOSPITAL/RABINDRA SADAN BUS STOP,22.54104937,88.34407337
TATA CANCER HOSPITAL BUS STOP,22.57697952,88.47889896
BAGNAN THANA MORE BUS STOP,22.4676666,87.96691503
BAGNAN LIBRARY MORE BUS STOP,22.468672,87.97369055
OM DAYAL BUS STOP,22.55307785,88.35239742
ULUBERIA BUS STOP,22.47117911,88.11099771
DECATHLON BUS STOP,22.50806168,88.13351541
PANCHLA BUS STOP,22.53156002,88.14745753
KONA EXPRESSWAY MORE BUS STOP,22.62528188,88.29309813
KONA BUS STOP,22.62433118,88.29318396
BALLY HALT BUS STOP,22.6527646,88.33951176
SINTHEE BUS STOP,22.63097561,88.3785037
CITY CENTRE BUS STOP,22.58816255,88.40921855
BALLY GHAT BUS STOP,22.64892908,88.34941459
PRAFULLA NAGAR BUS STOP,22.6518157,88.38564914
PRAMOD NAGAR BUS STOP,22.65119192,88.39829307
MATHKOL BUS STOP,22.6517766,88.40191304
AIRPORT GATE-3 BUS STOP,22.6534382,88.43648436
AIRPORT GATE-1 BUS STOP,22.64143178,88.43097729
CITY CENTER-2 BUS STOP,22.6217821,88.45050836
AKANKSHA MORE BUS STOP,22.61856069,88.46460364
ECO TOURISM PARK BUS STOP,22.60493315,88.46953304
WESTIN BUS STOP,22.59196813,88.47411292
ECOSPACE BUS STOP,22.58486507,88.4890902
TATA MEDICAL CENTER BUS STOP,22.57694175,88.47886564
RABINDRA TIRTHA BUS STOP,22.579175,88.47146091
HOME TOWN BUS STOP,22.58126449,88.45744419
EASTERN CLUB BUS STOP,22.5809033,88.44586804
NABADIGANTA BUS TERMINUS BUS STOP,22.57635678,88.43971811
RING ROAD BUS STOP,22.56727,88.43632936
GP BLOCK BUS STOP,22.56901579,88.43100526
FIRE BRIGADE BUS STOP,22.56637451,88.43203274
SDF BUS STOP,22.56905732,88.43000678
GOURHATI BUS STOP,22.77622336,87.80321096
ARAMBAG BUS STOP,22.88634741,87.78352236
PURSHURA BUS STOP,22.83488603,87.96461289
CHAMPADANGA BUS STOP,22.83891129,87.97158563
GAJAR MORE BUS STOP,22.8020787,88.07964833
SHIAKHALA BUS STOP,22.77103289,88.16554591
CHANDITALA BUS STOP,22.69090887,88.26173529
DANKUNI BUS STOP,22.9117663,88.82448968
KONA EXPRESSWAY BUS STOP,22.91660908,88.85339172
NAJRUL TIRTHA BUS STOP,22.54729646,88.38474153
DAKBANGLOW MORE BUS STOP,23.8338039,87.59047871
LAKETOWN(VIP) BUS STOP,22.59108978,88.32002807
BELEGHATA CIT BUILDING BUS STOP,22.54560297,88.37048866
BELEPOL BUS STOP,22.6067371,88.28658382
BRATACHARI ASHRAM (BAGUIATI BIG BAZAR) BUS STOP,22.601561,88.34443871
JORAMANDIR BUS STOP,22.55747189,88.08561669
DUM DUM PARK BUS STOP,22.56334031,88.04883161
BELEGHATA BUILDING MORE BUS STOP,22.5756565,88.01027872
PATULI BUS STOP,22.5755909,87.99657962
KENDUA BUS STOP,22.58226136,87.98710392
GARIA BUS STOP,22.58713268,87.96543546
MANDIR GATE BUS STOP,22.59591249,87.96668838
RAJPUR BUS STOP,22.6005075,87.96661734
GAZIPUR BUS STOP,22.6059081,87.96371521
CHOUHATI BUS STOP,22.38491281,88.07970646
HARAHARITALA BUS STOP,22.486111,88.30456312
LALBARI BUS STOP,22.14963923,88.09409743
KEDAR ASHRAM BUS STOP,22.62447922,88.37903354
ATLAS MORE BUS STOP,22.52554977,88.03439926
MALANCHA PHARI BUS STOP,22.67282779,87.97662735
LANGALBERIA BUS STOP,22.72021211,87.98280685
KHASHMALLIK BUS STOP,23.53213592,88.14357746
HRIDAYPUR MORE BUS STOP,22.59152248,88.27371963
B. T. COLLEGE BUS STOP,22.76054255,87.98546658
AIRPORT 2 NO GATE BUS STOP,22.48377685,88.37489223
AIRPORT 1 NO GATE BUS STOP,22.52938466,88.42065196
NEWTOWN BUS STAND BUS STOP,22.58452959,88.33422425
S. D. F. BUS STOP,22.57089877,88.0381
E. M. BYPASS BUS STOP,22.573478,88.01599082
 SCIENCE CITY BUS STOP,22.57112155,88.00257389
V. I. P. BAZER BUS STOP,22.56573201,88.05235569
BALLYGUNGE S.T.N BUS STOP,22.56525404,88.05650508
 GARIAHAT BUS STOP,22.55677267,88.08673065
RASH BEHARI AVENUE BUS STOP,22.04880688,87.4909089
RASHBEHARI CROSSING ( KALIGHAT ) BUS STOP,22.56573837,88.12715118
RABINDRA SADAN ( EXIDE MORE) BUS STOP,22.56608428,88.14584636
P. G. HOSPITAL BUS STOP,22.61006235,88.34480282
P. T. S. BUS STOP,22.60618006,88.25923483
NABANNA BUS STOP,22.62546739,88.29295918
BETAITALA BUS STOP,22.64578712,88.30643996
SHALIMAR BUS STOP,22.69953628,88.24882486
B.E. COLLEGE BUS STOP,22.6560851,88.32040471
MAKARDAH BUS STOP,22.76166171,88.42723209
NIBRA BUS STOP,22.6528153,88.33973519
KHEJURTALA BUS STOP,22.6530703,88.35453724
NEW MARKET BUS STOP,22.65325611,88.36063406
MOULAI BUS STOP,22.65335889,88.37839956
MG ROAD BUS STOP,22.6517865,88.40193449
BURRABAZAR BUS STOP,22.6620502,88.38017563
AIRPORT GATE BUS STOP,22.65347545,88.43646815
HOWRAH STATION (30 MIN STOP) BUS STOP,22.6458458,88.43394203
HOWRAH COURT BUS STOP,22.64366166,88.43242973
FORESHORE ROAD BUS STOP,22.58514521,88.28370707
PHULESHWAR BUS STOP,22.53995527,88.33724939
NIMDIGHI BUS STOP,22.54118486,88.34014622
ULUBERIA CHECKPOST BUS STOP,22.54249783,88.3441454
GOURHATI MORE BUS STOP,22.53950109,88.37038668
MAHISHALI JAGADISHPUR MORE BUS STOP,22.5255342,88.39598399
DHULASIMLA BUS STOP,22.54104937,88.34407337
MOHANI MORE BUS STOP,22.57697952,88.47889896
58 GATE BUS STOP,22.4676666,87.96691503
MORSHAL BUS STOP,22.468672,87.97369055
GUJARPUR BUS STOP,22.55307785,88.35239742
CHAULKHOLA BUS STOP,22.47117911,88.11099771
SHAHIDULLAH COLLEGE BUS STOP,22.50806168,88.13351541
BERACHAMPA CROSSING BUS STOP,22.53156002,88.14745753
SONDALIA STATION BUS STOP,22.62528188,88.29309813
KHARIBARI BUS STOP,22.62433118,88.29318396
KAMDUNI MORE BUS STOP,22.6527646,88.33951176
LANGALPOTA BUS STOP,22.63097561,88.3785037
KALI PARK BUS STOP,22.58816255,88.40921855
SALUA BUS STOP,22.64892908,88.34941459
BIDHANNAGAR COLLEGE BUS STOP,22.6518157,88.38564914
CITY CENTER BUS STOP,22.65119192,88.39829307
KILKHANA BUS STOP,22.6517766,88.40191304
VAISHALI BUS STOP,22.6534382,88.43648436
TANGRA BUS STOP,22.64143178,88.43097729
PURBANCHAL BUS STOP,22.6217821,88.45050836
POST OFFICE BUS STOP,22.61856069,88.46460364
GOBINDA KHATIK ROAD BUS STOP,22.60493315,88.46953304
ARUPOTA BUS STOP,22.59196813,88.47411292
PASCHIM CHOWBHAGA BUS STOP,22.58486507,88.4890902
KOLKATA LEATHER COMPLEX BUS STOP,22.57694175,88.47886564
GHUSIGHATA BUS STOP,22.579175,88.47146091
JAYGRAM BUS STOP,22.58126449,88.45744419
ARSADMIYA GHAT BUS STOP,22.5809033,88.44586804
NUNCHAPOTA BUS STOP,22.57635678,88.43971811
CHANGABOTTALA BUS STOP,22.56727,88.43632936
5 NO. KALIMATH BUS STOP,22.56901579,88.43100526
ASHARU BUS STOP,22.56637451,88.43203274
BONCHAKHALI BAZAR BUS STOP,22.56905732,88.43000678
PATHSHIMULIYA BAZAR BUS STOP,22.77622336,87.80321096
KALAMBAGAN MARKET BUS STOP,22.88634741,87.78352236
GARAPOTA BUS STOP,22.83488603,87.96461289
CHANDABAZAR BUS STOP,22.83891129,87.97158563
DHARMAPUKURIA BUS STOP,22.8020787,88.07964833
MANIGAON BUS STOP,22.77103289,88.16554591
GHATBAOR BUS STOP,22.69090887,88.26173529
BONGAON PAIKPARA BUS STOP,22.9117663,88.82448968
COLLEGE GHAT BUS STOP,22.91660908,88.85339172
BONGAON BUS STOP,22.54729646,88.38474153
1 NO. RAILGATE BAZAR BUS STOP,23.8338039,87.59047871
CITY CENTER-1 BUS STOP,22.59108978,88.32002807
BARUNDA BUS STOP,22.54560297,88.37048866
BAGNAN BUS STOP,22.6067371,88.28658382
KULGACHIA BUS STOP,22.601561,88.34443871
BEKBAGAN BUS STOP,22.55747189,88.08561669
DON BOSCO MORE BUS STOP,22.56334031,88.04883161
HINDU KABRISTAN BUS STOP,22.5756565,88.01027872
AMRI HOSPITAL BUS STOP,22.5755909,87.99657962
GD ISLAND BUS STOP,22.58226136,87.98710392
DHULAGARH TOLL PLAZA BUS STOP,22.58713268,87.96543546
NEW KAROLA BUS STOP,22.59591249,87.96668838
KONA EXPRESSWAY XING (NIBRA) BUS STOP,22.6005075,87.96661734
PG HOSPITAL/RABINDRA SADAN BUS STOP,22.6059081,87.96371521
JIVANDEEP BUS STOP,22.38491281,88.07970646
CHADNI CHOWK BUS STOP,22.486111,88.30456312
KONA EXPRESS BUS STOP,22.14963923,88.09409743
VIDYASAAGAR SETU BUS STOP,22.62447922,88.37903354
BECK BAGAN BUS STOP,22.52554977,88.03439926
NARKEL BAGAN BUS STOP,22.67282779,87.97662735
ALLIAH UNIVERSITY BUS STOP,22.72021211,87.98280685
GURJORPUR BUS STOP,23.53213592,88.14357746
LAXMI BAZAR BUS STOP,22.59152248,88.27371963
58-GATE BUS STOP,22.76054255,87.98546658
ULUBERIA STATION BUS STOP,22.48377685,88.37489223
SUSRUT HOSPITAL BUS STOP,22.52938466,88.42065196
GARIA BAZAR BUS STOP,22.58452959,88.33422425
DINABANDHU ANDREWS COLLEGE BUS STOP,22.57089877,88.0381
SINGHABARI BUS STOP,22.573478,88.01599082
KALIKAPUR AVISHIKTA BUS STOP,22.57112155,88.00257389
UTTAR PANCHANNAGRAM BUS STOP,22.56573201,88.05235569
PANCHASAYAR BUS STOP,22.56525404,88.05650508
NEW GARIA METRO BUS STOP,22.55677267,88.08673065
PEERLESS BUS STOP,22.04880688,87.4909089
MUKUNDAPUR/HILAND PARK BUS STOP,22.56573837,88.12715118
METRO CASH AND CARRY BUS STOP,22.56608428,88.14584636
RAJDANGA BUS STOP,22.61006235,88.34480282
BALLYGUNGE BUS STOP,22.60618006,88.25923483
CENTRAL GARAGE BUS STOP,22.62546739,88.29295918
BALIA BUS STOP,22.64578712,88.30643996
DHAPA BUS STOP,22.69953628,88.24882486
APOLLO HOSPITAL BUS STOP,22.6560851,88.32040471
MUCHIBAZAR BUS STOP,22.76166171,88.42723209
HIGHLAND PARK BUS STOP,22.6528153,88.33973519
UTTAR PANCHANNANGRAM BUS STOP,22.6530703,88.35453724
METRO CASH & CARRY BUS STOP,22.65325611,88.36063406
HYATT REGENCY BUS STOP,22.65335889,88.37839956
PRAFULLANAGAR BUS STOP,22.6517865,88.40193449
MAITYPARA BUS STOP,22.6620502,88.38017563
FCI GODOWN BUS STOP,22.65347545,88.43646815
ICHAPUR JALTANK BUS STOP,22.6458458,88.43394203
DUMURJOLA HOUSING COMPLEX BUS STOP,22.64366166,88.43242973
NOTUN RASTAR MORE BUS STOP,22.58514521,88.28370707
EXIDE RABINDRA SADAN BUS STOP,22.53995527,88.33724939
DARGAH ROAD BUS STOP,22.54118486,88.34014622
SCIENCE CITY MILAN MELA GROUND STOPPAGE BUS STOP,22.54249783,88.3441454
MADHYAMGRAM STATION BUS STOP,22.53950109,88.37038668
A.P.C. COLLEGE BUS STOP,22.5255342,88.39598399
MURAGACHHA BUS STOP,22.54104937,88.34407337
H.B. TOWN BUS STOP,22.57697952,88.47889896
SODEPUR TRAFFIC MORE BUS STOP,22.4676666,87.96691503
BELGHARIA RATHTALA BUS STOP,22.468672,87.97369055
BONHOOGLY (ISI) BUS STOP,22.55307785,88.35239742
SINTHI MORE BUS STOP,22.47117911,88.11099771
TALA BRIDGE BUS STOP,22.50806168,88.13351541
CENTRAL AVENUE BUS STOP,22.53156002,88.14745753
HOWRAH BRIDGE BUS STOP,22.62528188,88.29309813
BHOJHERHAT BUS STOP,22.62433118,88.29318396
4NO BRIDGE BUS STOP,22.6527646,88.33951176
ENTALLY BUS STOP,22.63097561,88.3785037
RAJABAZAR TRAM DEPOT BUS STOP,22.58816255,88.40921855
GOHALBERIA BUS STOP,22.64892908,88.34941459
KOLIA MORE BUS STOP,22.6518157,88.38564914
NABAGRAM BUS STOP,22.65119192,88.39829307
DAFARPUR BUS STOP,22.6517766,88.40191304
BELARI MOLLAH MORE BUS STOP,22.6534382,88.43648436
BAGANDA BUS STOP,22.64143178,88.43097729
MOUBESIA BUS STOP,22.6217821,88.45050836
KALINAGAR MORE BUS STOP,22.61856069,88.46460364
GANGARAMPUR BUS STOP,22.60493315,88.46953304
DOMPARA BUS STOP,22.59196813,88.47411292
JAMBERIA BRIDGE BUS STOP,22.58486507,88.4890902
KHALISANI BUS STOP,22.57694175,88.47886564
PANIARAH BUS STOP,22.579175,88.47146091
JHIKIRA BUS STOP,22.58126449,88.45744419
AMRAGARI BUS STOP,22.5809033,88.44586804
SEHAGORI BUS STOP,22.57635678,88.43971811
SHIBTALA BUS STOP,22.56727,88.43632936
BETAI BONDOR MORE BUS STOP,22.56901579,88.43100526
NARIT MORE BUS STOP,22.56637451,88.43203274
AMTA COLLEGE MORE BUS STOP,22.56905732,88.43000678
AMTA NEW MARKET BUS STOP,22.77622336,87.80321096
AMTA STATION BUS STOP,22.88634741,87.78352236
CHAKHANA BUS STOP,22.83488603,87.96461289
ASUTHWATALA BUS STOP,22.83891129,87.97158563
VANDERGACHHA BUS STOP,22.8020787,88.07964833
10 NO POLE BUS STOP,22.77103289,88.16554591
MALIKBAGAN BUS STOP,22.69090887,88.26173529
RABINDRASADAN BUS STOP,22.9117663,88.82448968
KHALPOL BUS STOP,22.91660908,88.85339172
SARKAR BAZAR BUS STOP,22.54729646,88.38474153
RASHMONI BAZAR BUS STOP,23.8338039,87.59047871
ID HOSPITAL BUS STOP,22.59108978,88.32002807
ANANTAPUR BUS STOP,22.54560297,88.37048866
BAZETOROF BUS STOP,22.6067371,88.28658382
RAJARHAT BISHNUPUR BUS STOP,22.601561,88.34443871
RAJARHAT BAZAR BUS STOP,22.55747189,88.08561669
INDIRANAGAR BUS STOP,22.56334031,88.04883161
RAIGACHHI BUS STOP,22.5756565,88.01027872
JYANGRA CHOWMATHA BUS STOP,22.5755909,87.99657962
DEULI BUS STOP,22.58226136,87.98710392
C.I.T.ROAD BUS STOP,22.58713268,87.96543546
KANTALTALA BUS STOP,22.59591249,87.96668838
MURARISHA CHOWMATHA BUS STOP,22.6005075,87.96661734
TAKI BUS STOP,22.6059081,87.96371521
AIRPORT GATE NO. 2.5 BUS STOP,22.38491281,88.07970646
AIRPORT GATE NO. 2 BUS STOP,22.486111,88.30456312
AIRPORT GATE NO. 1 BUS STOP,22.14963923,88.09409743
AKANSHA MORE BUS STOP,22.62447922,88.37903354
PAECHAR MORE (OWL MORE) BUS STOP,22.52554977,88.03439926
POLICE PHARI BUS STOP,22.67282779,87.97662735
THE WESTIN BUS STOP,22.72021211,87.98280685
TCS GITANJANI PARK BUS STOP,23.53213592,88.14357746
SWAPNOBHOR BUS STOP,22.59152248,88.27371963
NOVOTEL BUS STOP,22.76054255,87.98546658
AXIS MALL / HOMETOWN BUS STOP,22.48377685,88.37489223
EASTERN CLUB (EAST ENCLAVE HOUSING COMPLEX) BUS STOP,22.52938466,88.42065196
MAHISHBATHAN / TECHNOPOLIS BUS STOP,22.58452959,88.33422425
R.S. SOFTWARE BUS STOP,22.57089877,88.0381
TECHNO INDIA BUS STOP,22.573478,88.01599082
BRIDGE 4 BUS STOP,22.57112155,88.00257389
BIT COLLEGE BUS STOP,22.56573201,88.05235569
KATHILABAR BUS STOP,22.56525404,88.05650508
HOGLASI BUS STOP,22.55677267,88.08673065
SASATI BUS STOP,22.04880688,87.4909089
ANTILA BUS STOP,22.56573837,88.12715118
KHALOR BUS STOP,22.56608428,88.14584636
NUNTIA BUS STOP,22.61006235,88.34480282
BAGNAN STATION BUS STOP,22.60618006,88.25923483
LIBRARY MORE BUS STOP,22.62546739,88.29295918
BIRSHIBPUR BUS STOP,22.64578712,88.30643996
DON BOSCO CROSSING BUS STOP,22.69953628,88.24882486
DARGA ROAD BUS STOP,22.6560851,88.32040471
PARK CIRCUS STATION BUS STOP,22.76166171,88.42723209
HINDU KABRISTAN CROSSING ( TILJALA ) BUS STOP,22.6528153,88.33973519
GARH BHAWANIPUR BUS STOP,22.6530703,88.35453724
BETAI BUS STOP,22.65325611,88.36063406
SENERDANGA BUS STOP,22.65335889,88.37839956
10NO. POLE BUS STOP,22.6517865,88.40193449
ISLAMPUR BUS STOP,22.6620502,88.38017563
GABBERIA CHOTOPOLE BUS STOP,22.65347545,88.43646815
GABBERIA HOSPITAL BUS STOP,22.6458458,88.43394203
BASTALA BUS STOP,22.64366166,88.43242973
SANDHIPUR BUS STOP,22.58514521,88.28370707
NEW KOLORA BUS STOP,22.53995527,88.33724939
JALAN COMPLEX 1 BUS STOP,22.54118486,88.34014622
DHAPA MATHPUKUR BUS STOP,22.54249783,88.3441454
SUSRUT EYE HOSPITAL BUS STOP,22.53950109,88.37038668
