Train Stop Name,Latitude,Longitude
KATWA JN TRAIN STOP,23.64797,88.128418
DAINHAT TRAIN STOP,23.6014,88.170403
SAHEBTALA TRAIN STOP,23.592127,88.201091
AGRADWIP TRAIN STOP,23.608841,88.360641
PATULI TRAIN STOP,23.547199,88.252296
BELERHAT TRAIN STOP,22.56327,88.40707
LAKSHMIPUR TRAIN STOP,23.618061,88.015467
MERTALA PHALEYA TRAIN STOP,23.481474,88.320293
PURBASTHALI TRAIN STOP,23.44511,88.311493
BHANDARTIKURI TRAIN STOP,23.44414,88.32613
BISHNUPRIYA TRAIN STOP,23.420361,88.347977
NABADWIP DHAM TRAIN STOP,23.39919,88.36352
SAMUDRAGARH TRAIN STOP,23.3354,88.324699
DHATRIGRAM TRAIN STOP,23.2777,88.311798
BAGHNAPARA TRAIN STOP,23.236093,88.289629
AMBIKA KALNA TRAIN STOP,23.224859,88.348221
GUPTIPARA TRAIN STOP,23.202867,88.410031
BEHULA TRAIN STOP,23.182817,88.427839
SOMRA BAZAR TRAIN STOP,23.139232,88.432816
BALAGARH TRAIN STOP,23.13035,88.470573
JIRAT TRAIN STOP,22.83296,88.622841
KHAMARGACHHI TRAIN STOP,23.06581,88.44258
DUMURDAHA TRAIN STOP,23.03978816,88.43219407
KUNTIGHAT TRAIN STOP,23.00318,88.410118
TRIBENI TRAIN STOP,22.984699,88.397903
BANSBERIA TRAIN STOP,22.95509,88.403152
BANDEL JN TRAIN STOP,22.923057,88.378222
HOOGHLY TRAIN STOP,22.896255,88.246117
CHINSURAH TRAIN STOP,22.8958,88.395714
CHANDERNAGOR TRAIN STOP,22.869012,88.362347
MANKUNDU TRAIN STOP,22.847059,88.349998
BHADRESHWAR TRAIN STOP,22.8278595,88.34151362
BAIDYABATI TRAIN STOP,22.774691,88.31237
SEORAPHULI JN TRAIN STOP,22.774395,88.328723
SERAMPORE TRAIN STOP,22.73794,88.34449
RISHRA TRAIN STOP,22.724401,88.328789
KONNAGAR TRAIN STOP,22.70438,88.326012
HIND MOTOR TRAIN STOP,22.51096,88.33666
UTTARPARA TRAIN STOP,22.66926,88.34552
BALLY TRAIN STOP,22.649509,88.336995
BELUR TRAIN STOP,22.636769,88.339787
LILUAH TRAIN STOP,22.625071,88.329514
HOWRAH TRAIN STOP,22.59577,88.263641
TIKIAPARA TRAIN STOP,22.533279,88.304878
DASNAGAR TRAIN STOP,22.60393,88.321449
RAMRAJATALA TRAIN STOP,22.592932,88.299263
SANTRAGACHI JN TRAIN STOP,22.589487,88.301606
BANKRA NAYABAZAR TRAIN STOP,22.60849,88.26722
KONA TRAIN STOP,22.618541,88.296478
DANSI TRAIN STOP,22.622283,88.266454
JHALURBERI TRAIN STOP,22.51096,88.33666
MAKARDAHA TRAIN STOP,22.617689,88.248032
DOMJUR ROAD TRAIN STOP,22.60296,88.20627
DOMJUR TRAIN STOP,22.602909,88.233917
DAKSHINBARI TRAIN STOP,22.656391,88.182632
BARGACHIA TRAIN STOP,22.674681,88.174232
PANTIHAL TRAIN STOP,22.650869,88.127068
MUNSHIRHAT TRAIN STOP,22.671721,88.097076
MAHENDRALALNAGAR TRAIN STOP,22.643509,88.091484
SHALIMAR TRAIN STOP,22.554874,88.316564
PADMAPUKUR TRAIN STOP,22.5637,88.300751
MAURIGRAM TRAIN STOP,22.580446,88.255999
ANDUL TRAIN STOP,22.59647,88.225609
SANKRAIL TRAIN STOP,22.58119,88.208138
ABADA TRAIN STOP,22.548304,88.19968
NALPUR TRAIN STOP,22.530083,88.186516
BAURIA TRAIN STOP,22.502996,88.16319
CHENGAIL TRAIN STOP,22.502939,88.135178
PHULESWAR TRAIN STOP,22.479839,88.113159
ULUBERIA TRAIN STOP,22.474436,88.100037
BIRSHIBPUR TRAIN STOP,22.47953,88.047302
KULGACHIA TRAIN STOP,22.47246,88.014732
BAGNAN TRAIN STOP,22.462601,87.969803
GHORAGHATA TRAIN STOP,22.458131,87.943037
DEULTI TRAIN STOP,22.453469,87.914582
KOLAGHAT TRAIN STOP,22.425079,87.861038
MECHEDA TRAIN STOP,22.415062,87.85853
NANDAI GAJAN TRAIN STOP,22.404186,87.832805
BHOGPUR TRAIN STOP,22.40241,87.809377
NARAYAN PAKURIA MURAIL TRAIN STOP,22.399867,87.774236
PANSKURA JN TRAIN STOP,22.39259,87.74277
KHIRAI TRAIN STOP,23.71097,87.576149
HAUR TRAIN STOP,22.365844,87.65489
RADHAMOHANPUR TRAIN STOP,22.357271,87.613465
DUAN TRAIN STOP,22.354942,87.583621
BALICHAK TRAIN STOP,22.3577,87.552803
SHYAMCHAK TRAIN STOP,22.363649,87.500782
MADPUR TRAIN STOP,22.369532,87.443126
JAKPUR TRAIN STOP,22.362432,87.389605
KHARAGPUR JN TRAIN STOP,22.341006,87.326231
GIRI MAIDAN TRAIN STOP,22.341471,87.306648
GOKULPUR TRAIN STOP,22.375576,87.294012
MIDNAPORE JN TRAIN STOP,22.41528,87.32532
RAGHUNATHBARI TRAIN STOP,22.85067,87.267982
RAJGODA TRAIN STOP,22.324158,87.866499
SHAHID MATANGINI TRAIN STOP,22.36572,87.8891
TAMLUK TRAIN STOP,22.2747,87.920097
KESHABPUR TRAIN STOP,22.221192,87.95001
SATISH SAMANTA TRAIN STOP,22.192594,87.990771
MAHISHDAHAL TRAIN STOP,22.182299,87.989688
BARDA TRAIN STOP,22.152474,88.089556
BASULYASUTAHATA TRAIN STOP,22.120591,88.131069
DURGACHAK TRAIN STOP,22.07299,88.143059
DURGACHAK TOWN TRAIN STOP,22.06673,88.135355
HALDIA TRAIN STOP,22.067459,88.137177
BURDWAN TRAIN STOP,22.232422,87.861481
GANGPUR TRAIN STOP,23.250433,87.870544
SAKTIGARH TRAIN STOP,23.046261,88.821037
PALSIT TRAIN STOP,23.19669,88.002707
RASULPUR TRAIN STOP,23.18401,88.030197
NIMO HALT TRAIN STOP,23.180871,88.069076
MEMARI TRAIN STOP,23.172899,88.095802
BAGILA TRAIN STOP,23.335609,88.644211
DEBIPUR TRAIN STOP,23.1439,88.156998
BAINCHI TRAIN STOP,23.221939,88.353867
BAINCHIGRAM TRAIN STOP,23.106842,88.215674
SIMLAGARH TRAIN STOP,23.095918,88.230389
PUNDOOAH TRAIN STOP,23.070673,88.269673
KHANYAN TRAIN STOP,23.049919,88.31987
TALANDU TRAIN STOP,23.011119,88.345683
MAGRA TRAIN STOP,22.983499,88.368335
ADI SAPTAGRAM TRAIN STOP,22.95294,88.381538
HOOGHLY GHAT TRAIN STOP,23.0158,88.41002
GARIFA TRAIN STOP,22.909719,88.412845
NAIHATI JN TRAIN STOP,22.89101,88.41928
PALLA ROAD TRAIN STOP,23.17948,88.009186
CHANCHAL HALT TRAIN STOP,22.55797603,88.37892468
MASAGRAM TRAIN STOP,23.123581,88.029701
NABAGRAM TRAIN STOP,23.11192578,88.0572021
JAUGRAM TRAIN STOP,23.027969,88.051643
JHAPANDANGA TRAIN STOP,23.063904,88.09111
GURAP TRAIN STOP,23.028379,88.110413
HAJIGARH TRAIN STOP,23.00699,88.12109
SIBAICHANDI TRAIN STOP,22.974652,88.13387
BELMURI TRAIN STOP,22.933071,88.152132
PORABAZAR TRAIN STOP,22.90514,88.15868
CHANDANPUR TRAIN STOP,22.880595,88.176389
MADHUSUDANPUR TRAIN STOP,23.0364,88.339401
KAMARKUNDU JN TRAIN STOP,22.820851,88.205311
BALARAMBATI TRAIN STOP,22.789619,88.208649
MIRZAPUR-BANKIPUR TRAIN STOP,22.79215,88.22312
BARUIPARA TRAIN STOP,22.76314,88.25985
BEGAMPUR TRAIN STOP,22.747402,88.250984
JANAI ROAD TRAIN STOP,22.719879,88.26181
GOBRA TRAIN STOP,22.696175,88.284442
DANKUNI JN TRAIN STOP,22.678283,88.290404
BELANAGAR TRAIN STOP,22.661842,88.318637
RAJCHANDRAPUR TRAIN STOP,22.65304,88.322739
BALLY HALT TRAIN STOP,22.65218,88.336433
BALLYGHAT TRAIN STOP,22.652816,88.348336
DAKSHINESHWAR TRAIN STOP,22.660021,88.376602
BARANAGAR ROAD TRAIN STOP,22.64813,88.37336
DUM DUM JN TRAIN STOP,22.62488,88.393174
TARAKESHWAR TRAIN STOP,22.887906,88.023922
LOKNATH TRAIN STOP,22.72859,88.463
BAHIRKHANDA TRAIN STOP,22.85543,88.07024
KAIKALA TRAIN STOP,22.840778,88.091537
HARIPAL TRAIN STOP,22.817217,88.104729
MALIYA HALT TRAIN STOP,22.831827,88.137224
NALJKUL TRAIN STOP,22.82608,88.16423
SINGPUR TRAIN STOP,22.141756,87.200834
NASIBPUR TRAIN STOP,22.801519,88.281647
DIARA TRAIN STOP,22.773809,88.257652
SHANTIPUR JN TRAIN STOP,23.24785,88.435
BATHNA KRITTIBAS TRAIN STOP,23.25092,88.47122
PHULIA TRAIN STOP,23.229799,88.497002
HABIBPUR TRAIN STOP,23.169767,88.515976
KALINARAYANPUR JN TRAIN STOP,23.207549,88.573793
RANAGHAT JN TRAIN STOP,23.23608,88.55367
PAYRADANGA TRAIN STOP,23.361851,88.65934
CHAKDAHA TRAIN STOP,23.047857,88.513016
PALPARA TRAIN STOP,23.059186,88.520462
SIMURALI TRAIN STOP,23.03475,88.505692
MADANPUR TRAIN STOP,23.008944,88.491241
KALYANI SIMANTA TRAIN STOP,22.98444,88.404617
KALYANI GHOSHPARA TRAIN STOP,22.98311,88.439857
KALYANI SILPANCHAL TRAIN STOP,22.97764,88.4515
KALYANI TRAIN STOP,22.975084,88.434509
KANCHRAPARA TRAIN STOP,22.944101,88.433502
HALISHAHAR TRAIN STOP,22.899879,88.418571
KANKINARA TRAIN STOP,22.847219,88.42379
JAGADDAL TRAIN STOP,22.864651,88.392616
SHYAMNAGAR TRAIN STOP,22.828809,88.380469
ICHCHHAPUR TRAIN STOP,22.800613,88.373669
PALTA TRAIN STOP,22.781779,88.36992
BARRACKPORE TRAIN STOP,22.9662,88.389359
TITAGARH TRAIN STOP,22.74666,88.373489
KHARDAHA TRAIN STOP,22.72517,88.377477
SODEPUR TRAIN STOP,22.700529,88.375702
AGARPARA TRAIN STOP,22.688021,88.376221
BELGHORIA TRAIN STOP,22.495643,88.374725
BIDHANNAGAR ROAD TRAIN STOP,22.52975,88.26942
SEALDAH TRAIN STOP,22.567646,88.370743
PARK CIRCUS TRAIN STOP,22.540791,88.369179
BALLYGUNGE JN TRAIN STOP,22.5196546,88.372135
DHAKURIA TRAIN STOP,22.510571,88.376892
JADAVPUR TRAIN STOP,22.495564,88.374736
BAGHA JATIN TRAIN STOP,22.483017,88.386651
GARIA TRAIN STOP,22.466465,88.404978
NARENDRAPUR TRAIN STOP,22.468138,88.413837
SONARPUR JN TRAIN STOP,22.41014,88.43851
SUBHASGRAM TRAIN STOP,22.41581,88.428833
MALLIKPUR TRAIN STOP,22.397307,88.433186
BARUIPUR JN TRAIN STOP,22.40248,88.4684
SHASAN ROAD TRAIN STOP,22.38036,88.37702
KRISHNAMOHAN TRAIN STOP,22.60474,88.38522
DHAPDHAPI TRAIN STOP,22.346239,88.444572
SURJYAPUR TRAIN STOP,22.293391,88.466593
GOCHARAN TRAIN STOP,22.280112,88.45399
HOGLA HALT TRAIN STOP,22.260351,88.45046
DAKSHIN BARASAT TRAIN STOP,22.796089,88.62957
BAHARU TRAIN STOP,22.204903,88.444041
JAYNAGAR MAJILPUR TRAIN STOP,22.169453,88.415977
MATHURAPUR TRAIN STOP,22.120268,88.394325
MADHABPUR TRAIN STOP,22.120534,88.349134
LAKSHMIKANTAPUR TRAIN STOP,22.110328,88.322082
UDAYRAMPUR TRAIN STOP,22.70607,88.47303
KULPI TRAIN STOP,22.076785,88.255594
NISHCHINDRAPUR TRAIN STOP,21.974013,88.213995
KASHINAGAR TRAIN STOP,22.089784,88.424727
KAKDWIP TRAIN STOP,21.87075,88.185127
DIAMOND HARBOUR TRAIN STOP,22.193051,88.191171
GURUDAS NAGAR TRAIN STOP,22.199806,88.215669
BASULDANGA TRAIN STOP,22.20402,88.229919
NETRA TRAIN STOP,22.208924,88.255471
DEULA TRAIN STOP,22.214653,88.280492
SANGRAMPUR TRAIN STOP,22.225758,88.329616
BAHIRPUYA HALT TRAIN STOP,22.230244,88.349728
MAGRA HAT TRAIN STOP,22.241675,88.372752
UTTAR RADHANAGAR HALT TRAIN STOP,22.26517,88.3854
DHAMUAH TRAIN STOP,22.290045,88.39186
HOTAR TRAIN STOP,22.308878,88.399303
DAKSHIN DURGAPUR TRAIN STOP,22.325257,88.405879
KALYANPUR TRAIN STOP,22.343741,88.41501
CANNING TRAIN STOP,22.313958,88.668059
TALDI TRAIN STOP,22.343681,88.609005
BETBERIA GHOLA HALT TRAIN STOP,22.351073,88.574547
GHUTIARI SHARIFF TRAIN STOP,22.368332,88.552673
PIALI TRAIN STOP,22.388342,88.517601
CHAMPAHATI TRAIN STOP,22.35668,88.464447
KALIKAPUR TRAIN STOP,22.41216682,88.47571744
BIDHYADHARPUR TRAIN STOP,22.425399,88.452998
BUDGE BUDGE TRAIN STOP,22.47296,88.173248
NANGI TRAIN STOP,22.50767,88.22102
AKRA TRAIN STOP,22.514795,88.249125
SANTOSHPUR TRAIN STOP,22.52418043,88.27167498
BRACE BRIDGE TRAIN STOP,22.523729,88.305168
MAJHERHAT TRAIN STOP,22.52355,88.31869
NEW ALIPORE TRAIN STOP,22.51096,88.33666
TOLLYGUNGE TRAIN STOP,22.507933,88.347364
LAKE GARDENS TRAIN STOP,22.508309,88.353348
KRISHNANAGAR CITY JN TRAIN STOP,23.388625,88.493745
JALALKHALI HALT TRAIN STOP,23.347218,88.514147
BADKULLA TRAIN STOP,23.303611,88.528682
TAHERPUR TRAIN STOP,23.258916,88.537308
BIRNAGAR TRAIN STOP,23.236851,88.552803
GEDE TRAIN STOP,23.492413,88.787382
HARISHNAGAR TRAIN STOP,23.47019,88.778135
BANPUR TRAIN STOP,23.455006,88.754172
MAJHDIA TRAIN STOP,23.42557,88.722588
TARAKNAGAR TRAIN STOP,23.380321,88.680452
MAYURHAT TRAIN STOP,23.35804,88.66482
BAGULA TRAIN STOP,23.335609,88.644211
BHAYNA TRAIN STOP,23.31141,88.641282
BAHIRGACHHI TRAIN STOP,23.4872,88.59786
ARANGHATA TRAIN STOP,23.241489,88.612732
PANCHHEBERIA TRAIN STOP,23.221395,88.599808
BANKIMNAGAR  TRAIN STOP,23.20913,88.591509
NABA RAYNAGAR HALT TRAIN STOP,23.148609,88.604347
GANGNAPUR TRAIN STOP,23.134294,88.640793
MAJHERGRAM TRAIN STOP,23.625891,88.282608
AKAIPUR HALT TRAIN STOP,23.095427,88.717215
GOPALNAGAR TRAIN STOP,23.062988,88.745461
SATBERIA HALT TRAIN STOP,22.65218,88.33643
BONGAON JN TRAIN STOP,23.030489,88.833004
BIBHUTI BHUSHAN HALT TRAIN STOP,23.18947,88.76934
CHANDPARA TRAIN STOP,22.962562,88.785215
THAKURNAGAR TRAIN STOP,22.924887,88.77779
GOBARDANGA TRAIN STOP,22.8801,88.760902
MACHLANDAPUR TRAIN STOP,22.856693,88.744878
SANHATI HALT TRAIN STOP,22.846152,88.704519
HABRA TRAIN STOP,22.581511,88.338219
ASHOKNAGAR ROAD TRAIN STOP,22.826831,88.628586
GUMA TRAIN STOP,22.808607,88.600654
BIRA TRAIN STOP,22.790021,88.572294
DUTTAPUKUR TRAIN STOP,22.768386,88.53941
BAMANGACHI TRAIN STOP,22.749502,88.509763
BARASAT JN TRAIN STOP,22.723852,88.483206
HRIDAYPUR TRAIN STOP,22.710895,88.46967
MADHYAMGRAM TRAIN STOP,22.69438,88.454979
NEW BARRAKPORE TRAIN STOP,22.75399,88.36953
BISHARPARA KODALIA TRAIN STOP,22.67886,88.43608
BIRATI TRAIN STOP,22.653259,88.431091
DURGANAGAR TRAIN STOP,21.78583,88.250648
DUM DUM CANTT TRAIN STOP,22.61517,88.41151
PATIPUKUR TRAIN STOP,22.60845,88.398201
ULTADANGA ROAD TRAIN STOP,22.58956,88.39271
TALA TRAIN STOP,22.607216,88.377774
BAGBAZAR TRAIN STOP,22.603901,88.367661
SOVABAZAR AHIRITOLA TRAIN STOP,22.59748,88.3601
BURRABAZAR TRAIN STOP,22.581991,88.354172
BBD BAG TRAIN STOP,22.571751,88.350349
EDEN GARDENS TRAIN STOP,22.56649,88.341179
PRINCEP GHAT TRAIN STOP,22.557241,88.331614
HASANABAD TRAIN STOP,22.57131,88.913208
TAKI ROAD TRAIN STOP,22.588079,88.915858
NIMDANRI TRAIN STOP,22.68438,88.02645
MADHYAMPUR HALT TRAIN STOP,22.62058,88.896645
BASIRHAT TRAIN STOP,22.64599,88.872147
BHYABLA HALT TRAIN STOP,22.654881,88.855538
CHAMPAPUKUR TRAIN STOP,22.61165,88.796463
GHORARAS CHONA HALT TRAIN STOP,22.652188,88.782976
MALATIPUR FLAG TRAIN STOP,22.652071,88.762705
KANKRA MIRZANAGAR HALT TRAIN STOP,22.658631,88.72172
HARUA ROAD TRAIN STOP,22.66229,88.69018
BHASILA FLAG TRAIN STOP,22.66594,88.658355
LABUTALA HALT TRAIN STOP,22.673531,88.640841
BELIAGHATA ROAD HALT TRAIN STOP,22.703899,88.604708
SONDALIA TRAIN STOP,22.682011,88.582591
BAHIRA KALIBARI HALT TRAIN STOP,22.686353,88.564324
KAREA KADAMGACHI TRAIN STOP,22.704999,88.534861
